2054103,0,2,2,3,1,12,1,0,3,5,2,0,0,0,0,0,0,0,3,5,0,2,1,3,3,6,2,0
872348,0,1,1,2,0,1,0,0,0,0,0,0,0,0,0,0,0,1,0,0,0,2,0,0,2,0,0,0
395862,0,0,0,1,11,1,0,0,0,0,0,0,0,0,0,0,0,0,0,0,0,2,1,0,0,0,0,0
1556073,1,0,7,1,11,1,0,0,0,0,0,0,0,0,0,0,0,0,0,0,0,2,0,0,0,0,0,0
1632239,1,1,8,2,11,1,0,0,3,0,1,0,0,0,0,0,0,0,9,2,0,2,1,2,2,0,1,0
2049192,0,5,5,6,2,3,4,0,3,3,3,0,0,1,0,0,0,0,4,2,0,2,1,4,4,5,2,1
1389635,0,2,2,3,1,1,0,0,0,0,0,0,0,0,0,0,0,0,8,5,0,0,1,0,0,0,0,0
13536,0,0,0,1,1,1,0,0,0,0,0,0,0,0,0,0,0,0,0,0,2,2,0,0,0,0,0,0
1563851,0,3,3,4,1,2,3,0,0,5,0,0,0,0,0,0,0,0,1,6,0,1,1,0,0,5,0,0
831768,1,0,7,1,11,1,0,0,0,0,0,0,0,0,0,0,0,0,0,0,0,1,1,0,0,0,0,0
340708,1,2,9,3,1,2,5,0,3,1,1,0,0,0,0,0,0,0,7,2,0,2,1,2,2,3,1,0
914754,1,0,7,1,1,2,0,0,0,0,0,0,0,0,0,0,0,0,0,0,0,2,0,0,0,0,0,0
2036189,1,2,9,3,11,1,4,0,0,1,0,0,0,0,0,0,0,0,8,3,0,2,0,0,0,5,0,0
179179,1,6,13,7,1,2,0,0,0,0,0,0,0,1,1,0,0,0,0,0,0,2,1,0,2,0,0,0
1902036,1,6,13,7,1,2,0,0,0,0,0,0,0,0,1,0,0,0,0,0,0,2,0,0,2,0,0,0
817561,0,4,4,5,1,1,4,0,5,5,2,0,0,0,0,0,0,0,9,1,0,2,2,3,3,1,1,1
571434,1,6,13,7,1,1,0,0,0,0,0,0,0,0,1,0,0,0,0,0,0,1,0,0,2,0,0,0
2334566,1,6,13,7,1,1,0,0,0,0,0,0,0,0,1,0,0,0,0,0,0,1,2,0,2,0,0,0
1447011,0,1,1,2,3,1,0,0,0,0,0,0,0,0,0,0,0,0,0,0,0,1,1,0,0,0,0,0
2062300,1,1,8,2,1,2,5,0,2,3,1,0,0,0,0,0,0,0,9,1,0,2,2,2,2,3,2,0
993527,1,5,12,6,1,1,2,0,5,1,1,0,0,0,0,0,0,0,7,2,0,2,2,2,2,2,1,0
368088,1,6,13,7,1,1,0,0,0,0,0,0,0,0,1,0,0,0,0,0,4,2,1,0,2,0,0,0
2093888,1,0,7,1,3,4,0,2,0,0,0,0,0,0,0,0,0,0,0,0,0,1,2,0,0,0,0,0
1630360,0,2,2,3,1,1,4,0,5,5,4,0,0,0,0,0,0,0,8,2,0,2,1,5,5,5,1,0
1202751,1,3,10,4,0,1,0,0,0,0,0,0,0,0,0,1,0,0,0,0,0,1,1,0,2,0,0,0
1461135,0,0,0,1,1,1,0,0,0,0,0,0,0,0,0,0,0,0,0,0,0,2,1,0,0,0,0,0
86498,0,2,2,3,3,2,2,1,4,3,3,0,0,0,0,0,0,0,10,3,0,2,1,4,4,3,2,0
1766650,0,3,3,4,11,1,3,0,3,3,2,0,0,0,0,0,0,0,3,6,0,2,2,3,3,5,1,0
1917873,0,6,6,7,1,1,0,0,0,0,3,0,0,0,1,0,0,0,6,6,0,0,3,4,4,0,0,1
1909003,0,5,5,6,1,1,4,0,0,3,0,0,0,0,0,0,1,0,5,5,0,2,1,0,3,5,0,0
242085,1,6,13,7,1,1,0,0,0,0,0,0,0,1,1,0,0,0,0,0,0,2,1,0,3,0,0,0
1454187,0,1,1,2,1,2,0,0,0,0,0,0,0,0,0,0,0,0,10,3,0,2,1,0,0,0,0,1
1682853,1,4,11,5,11,1,0,0,0,0,0,0,0,0,0,0,0,0,0,0,0,2,1,0,0,0,0,0
230727,0,1,1,2,1,1,0,0,0,0,0,0,0,0,0,0,0,1,0,0,0,2,2,0,2,0,0,0
2064006,1,2,9,3,3,1,2,0,3,4,1,0,0,0,0,0,0,0,11,1,4,0,1,2,2,1,1,1
2093759,0,2,2,3,1,1,3,0,3,5,3,0,0,0,0,0,0,0,10,1,0,2,2,4,4,5,2,0
1308447,1,0,7,1,4,1,0,0,0,0,0,0,0,0,0,0,0,0,0,0,4,2,3,0,0,0,0,0
543508,0,4,4,5,1,1,0,0,3,0,1,0,0,0,0,0,0,0,7,5,0,1,0,2,2,0,1,2
1099599,1,6,13,7,1,1,0,0,0,0,0,0,0,0,1,0,0,0,0,0,0,2,0,0,2,0,0,0
1434016,1,6,13,7,1,1,0,0,0,0,0,0,0,0,0,0,0,0,0,0,0,2,0,0,0,0,0,0
2275277,1,0,7,1,1,2,0,0,0,0,0,0,0,0,0,0,0,0,0,0,0,2,2,0,0,0,0,0
2129702,0,2,2,3,11,1,5,0,3,5,2,0,0,0,0,0,0,0,7,3,0,2,1,3,3,3,2,0
1242930,0,6,6,7,1,1,0,0,0,0,0,0,0,0,1,0,0,1,0,0,0,2,1,0,2,0,0,1
252901,0,0,0,1,1,2,0,0,0,0,0,0,0,0,0,0,0,0,0,0,0,2,1,0,0,0,0,0
58730,0,2,2,3,1,1,2,0,3,3,2,0,0,0,0,0,0,0,8,1,0,2,1,3,3,1,2,0
1487199,1,1,8,2,11,1,5,0,0,1,0,0,0,0,0,0,0,0,7,2,0,2,1,0,0,3,0,0
1641691,1,4,11,5,1,1,0,0,0,0,0,0,0,0,0,0,0,0,9,2,0,2,1,0,0,0,0,0
1563875,0,5,5,6,1,2,0,0,3,0,1,0,0,0,0,0,0,0,5,6,0,2,1,2,2,0,1,0
776454,0,5,5,6,1,1,3,0,2,2,3,0,0,0,0,0,0,0,10,1,0,2,2,4,4,5,2,0
1598015,1,2,9,3,3,1,5,0,0,1,0,0,0,0,0,0,0,0,7,3,0,2,0,0,0,1,0,0
1738945,1,6,13,7,1,1,0,0,0,0,0,0,0,0,1,0,0,0,0,0,0,2,1,0,2,0,0,0
427389,1,6,13,7,1,1,0,0,0,0,0,0,0,1,1,0,1,0,0,0,0,2,0,0,2,0,0,0
1058823,0,0,0,1,11,1,0,0,0,0,0,0,0,0,0,0,0,0,0,0,0,2,0,0,0,0,0,0
1721083,1,0,7,1,4,1,0,0,0,0,0,0,0,0,0,0,0,0,0,0,0,2,1,0,0,0,0,0
360101,1,1,8,2,1,1,0,0,0,0,0,0,0,0,0,0,0,0,0,0,0,2,0,0,0,0,0,0
231526,0,3,3,4,11,3,3,0,2,5,0,1,0,0,0,0,0,0,9,1,0,2,2,3,3,2,2,0
129367,0,5,5,6,1,2,3,0,3,4,4,0,0,1,0,0,0,0,7,1,0,2,2,5,5,5,2,0
1382378,0,5,5,6,1,2,5,0,3,3,2,0,0,0,0,0,0,1,10,3,0,2,1,3,3,4,2,1
1804366,0,6,6,7,11,1,0,0,0,0,0,0,0,0,1,0,0,0,5,6,0,1,1,0,2,0,0,0
1030397,0,1,1,2,1,2,0,0,0,0,0,0,0,0,0,0,0,0,0,0,0,2,1,0,0,0,0,0
564608,1,6,13,7,1,2,0,0,0,0,0,0,0,0,1,0,0,0,0,0,0,2,1,0,2,0,0,0
1684724,1,3,10,4,11,1,0,0,0,0,0,0,0,0,0,0,0,0,0,0,0,2,2,0,0,0,0,0
260641,0,4,4,5,1,2,1,0,4,4,3,0,0,0,0,0,0,0,4,5,0,2,1,4,4,2,2,1
522660,0,0,0,1,1,1,0,0,0,0,0,0,0,0,0,0,0,0,0,0,0,2,0,0,0,0,0,0
1930692,0,5,5,6,1,1,0,0,3,0,2,0,0,1,0,0,1,0,4,1,0,2,1,3,5,0,2,0
2107330,0,1,1,2,1,2,0,0,0,0,0,0,0,0,0,0,0,0,0,0,0,2,1,0,0,0,0,0
1523752,0,4,4,5,1,1,2,0,5,3,3,0,0,1,0,0,0,0,4,5,0,2,2,4,4,1,1,1
1083787,0,1,1,2,0,1,0,0,2,0,1,0,0,0,0,0,0,0,8,3,0,1,1,2,2,0,1,0
665827,1,3,10,4,2,2,2,0,2,4,1,1,0,0,0,0,0,0,7,2,0,2,1,2,2,4,1,0
2321762,1,2,9,3,4,1,4,0,4,1,3,0,0,0,0,0,0,0,5,6,4,2,2,4,4,5,2,0
2030382,1,6,13,7,2,1,0,0,0,0,0,0,0,0,1,0,0,0,0,0,0,2,2,0,2,0,0,0
148538,1,1,8,2,3,2,0,0,0,0,0,0,0,0,0,0,0,0,0,0,0,2,1,0,0,0,0,0
790200,0,3,3,4,1,1,0,0,1,1,0,1,0,0,0,0,0,0,8,5,0,2,0,2,2,0,2,0
1796621,0,2,2,3,1,1,3,0,4,4,2,0,0,0,0,0,0,0,7,5,0,2,0,3,3,1,2,0
2055686,0,3,3,4,1,2,5,0,4,5,3,0,0,0,0,0,0,0,4,5,0,2,2,4,4,1,2,0
1403515,0,1,1,2,2,2,5,0,1,1,1,0,0,0,0,0,0,0,7,6,0,2,1,2,2,1,1,0
1672159,0,0,0,1,1,2,0,0,0,0,0,0,0,0,0,0,0,0,0,0,0,2,1,0,0,0,0,0
1164179,1,5,12,6,1,2,4,0,1,1,1,0,0,1,1,0,0,0,8,2,0,2,1,2,2,2,2,0
739299,1,4,11,5,1,2,3,0,2,2,2,0,0,1,0,0,0,0,9,1,0,2,1,3,3,1,1,0
643720,1,5,12,6,1,2,0,0,3,0,1,0,0,0,0,0,0,1,7,3,0,2,1,2,2,0,2,0
2246338,0,5,5,6,1,12,0,0,5,0,3,0,0,0,0,0,0,1,3,6,0,2,1,4,4,0,1,1
1570990,0,1,1,2,0,1,0,0,0,0,0,0,0,0,0,0,0,0,0,0,0,1,1,0,0,0,0,0
281628,0,0,0,1,1,2,0,0,0,0,0,0,0,0,0,0,0,0,0,0,0,2,1,0,0,0,0,0
1410487,1,1,8,2,1,1,5,0,1,1,1,0,0,0,0,0,0,0,4,2,0,2,0,2,2,2,1,0
2312079,1,6,13,7,2,1,0,0,0,0,0,0,0,0,1,0,0,0,0,0,0,2,1,0,2,0,0,0
160719,1,0,7,1,0,1,0,0,0,0,0,0,0,0,0,0,0,0,0,0,0,2,0,0,0,0,0,0
92373,0,1,1,2,0,1,0,0,0,0,0,0,0,0,0,0,0,0,0,0,0,2,0,0,0,0,0,0
1628004,0,4,4,5,1,2,3,0,3,3,3,0,0,1,0,0,0,0,10,1,0,2,2,4,4,5,2,0
244649,1,2,9,3,1,2,3,0,1,1,1,0,0,0,0,0,0,0,9,1,0,2,2,2,2,4,2,0
378331,0,5,5,6,1,12,4,0,4,4,3,0,0,1,0,0,0,0,4,1,0,2,1,4,4,1,2,0
1530636,0,5,5,6,1,1,4,0,1,1,2,1,0,1,0,0,0,0,10,1,0,2,1,4,4,5,1,1
1895993,1,2,9,3,3,1,5,0,0,3,0,0,0,0,0,0,0,0,4,6,4,1,1,0,0,1,0,0
2124060,1,2,9,3,1,2,1,0,3,1,1,0,0,0,0,0,0,0,7,3,0,2,2,2,2,2,1,0
356002,0,0,0,1,1,2,0,0,0,0,0,0,0,0,0,0,0,0,0,0,0,2,2,0,0,0,0,0
2214928,0,1,1,2,1,3,0,0,0,0,0,0,0,0,0,0,0,0,0,0,0,2,1,0,0,0,0,0
488697,0,4,4,5,2,1,0,0,0,0,0,0,0,1,1,0,1,0,0,0,2,2,0,0,2,0,0,0
1561418,0,3,3,4,1,1,2,0,3,3,3,0,0,0,0,0,0,0,7,5,0,2,0,4,4,5,2,0
2399764,1,0,7,1,0,1,0,0,0,0,0,0,0,0,0,0,0,0,0,0,0,2,2,0,0,0,0,0
176272,0,3,3,4,1,1,5,0,3,4,3,0,0,1,0,0,0,0,5,5,0,2,2,4,4,4,2,1
904172,1,5,12,6,1,1,5,0,3,4,2,0,0,0,0,0,0,0,9,2,0,2,1,3,3,3,2,0
238053,0,4,4,5,1,1,4,0,3,3,4,1,0,1,0,0,0,0,4,2,0,2,1,5,5,3,2,0
775070,1,6,13,7,2,1,0,0,0,0,0,0,0,0,1,0,1,0,0,0,0,2,0,0,2,0,0,0
1635144,0,6,6,7,1,1,0,0,0,0,0,0,0,1,1,0,1,0,0,0,0,2,1,0,2,0,0,0
473102,1,6,13,7,1,1,0,0,0,0,0,0,0,0,1,1,0,0,0,0,0,1,1,0,2,0,0,0
1365993,0,3,3,4,11,1,4,0,5,3,0,1,0,0,0,0,0,0,8,5,0,2,1,3,3,5,1,0
1030696,0,0,0,1,1,2,0,0,0,0,0,0,0,0,0,0,0,0,0,0,0,2,2,0,0,0,0,0
2026993,0,4,4,5,1,1,4,0,4,4,4,0,0,1,0,0,0,0,4,2,0,2,1,5,5,4,1,0
1759148,0,5,5,6,11,1,0,0,3,0,0,1,0,0,0,0,0,0,8,2,0,2,2,2,2,0,1,0
1176665,1,2,9,3,3,1,0,0,0,0,0,0,0,0,0,1,0,0,0,0,4,1,2,0,2,0,0,0
2234030,0,5,5,6,1,2,4,0,4,3,4,1,0,1,0,0,0,0,9,1,0,2,1,5,5,5,2,1
2166899,0,0,0,1,3,1,0,0,0,0,0,0,0,0,0,0,0,0,0,0,0,2,1,0,0,0,0,0
466563,0,6,6,7,1,1,0,0,0,0,0,0,0,1,1,0,0,0,0,0,2,2,1,0,3,0,0,0
1772157,1,3,10,4,11,1,5,0,3,3,2,0,0,0,0,0,0,0,10,2,0,2,3,3,3,2,2,0
1059137,0,3,3,4,0,1,3,0,5,3,1,1,0,0,0,0,0,0,8,5,0,2,2,3,3,2,2,0
1929921,1,4,11,5,0,1,4,0,3,2,1,0,0,0,1,0,0,0,8,3,0,2,2,2,2,1,1,0
500950,0,2,2,3,3,1,5,3,2,2,2,0,0,0,0,0,0,0,5,2,0,2,1,3,3,5,2,0
1879129,1,0,7,1,1,3,0,0,0,0,0,0,0,0,0,0,0,0,0,0,0,2,1,0,0,0,0,0
1068000,0,3,3,4,1,1,2,0,5,3,2,0,0,1,0,0,0,0,3,5,0,2,1,3,3,4,2,0
250349,0,2,2,3,11,1,0,0,0,0,0,0,0,0,0,0,0,0,1,4,0,2,1,0,0,0,0,0
2011276,0,2,2,3,1,1,2,0,3,4,3,0,0,1,0,0,0,0,3,5,0,2,3,4,4,5,2,0
628215,1,4,11,5,11,1,0,0,0,0,0,0,0,0,0,1,0,0,0,0,0,1,2,0,2,0,0,0
1627763,0,3,3,4,1,2,0,0,3,3,0,1,1,0,0,0,0,0,1,4,0,2,1,1,1,0,2,0
1197171,1,4,11,5,11,1,3,0,3,3,1,0,0,0,0,0,0,0,9,3,0,2,1,2,2,3,2,0
1275162,1,0,7,1,3,1,0,0,0,0,0,0,0,0,0,0,0,0,0,0,0,2,1,0,0,0,0,0
2253225,1,1,8,2,1,2,3,0,3,3,1,0,0,0,0,0,0,0,9,2,0,2,1,2,2,2,1,0
692066,0,3,3,4,1,1,0,0,3,0,3,0,0,0,0,0,0,0,10,3,0,2,1,4,4,0,2,0
1866512,0,1,1,2,11,1,0,0,0,0,0,0,0,0,0,0,0,0,0,0,0,2,1,0,0,0,0,0
2118301,0,4,4,5,11,1,2,0,4,1,3,0,0,0,0,0,0,1,3,6,0,2,2,4,4,3,1,0
77013,0,6,6,7,1,1,0,0,0,0,0,0,0,0,1,0,0,0,0,0,0,0,1,0,2,0,0,0
1411890,0,0,0,1,2,1,0,0,0,0,0,0,0,0,0,0,0,0,0,0,0,0,0,0,0,0,0,0
862763,1,2,9,3,3,1,3,6,3,3,1,0,0,0,0,0,0,0,10,2,4,2,1,2,2,4,1,0
1663106,1,5,12,6,11,1,5,0,3,3,2,0,0,0,0,0,0,0,9,3,0,2,2,3,3,6,2,0
1374352,0,0,0,1,3,1,0,0,0,0,0,0,0,0,0,0,0,0,0,0,0,2,1,0,0,0,0,0
1866861,0,0,0,1,3,1,0,0,0,0,0,0,0,0,0,0,0,0,0,0,0,1,1,0,0,0,0,0
970387,1,1,8,2,11,1,5,0,0,1,0,0,0,0,0,0,0,0,9,1,0,1,2,0,0,3,0,0
2057136,1,2,9,3,1,1,5,0,1,1,1,0,0,0,0,0,0,0,9,1,0,2,1,2,2,5,1,0
1973460,1,2,9,3,0,1,5,0,3,1,1,0,0,0,0,0,0,0,7,3,0,2,2,2,2,1,1,0
1000362,1,6,13,7,11,1,0,0,0,0,0,0,0,0,1,0,0,0,0,0,0,2,0,0,2,0,0,0
50912,1,6,13,7,3,1,0,0,0,0,0,0,0,0,1,1,0,0,0,0,0,2,2,0,2,0,0,0
1638655,0,6,6,7,6,1,0,0,3,0,3,0,0,1,0,0,0,0,7,2,0,2,1,4,4,0,2,1
997972,0,3,3,4,1,1,2,0,3,2,2,0,0,0,0,0,0,0,4,2,0,2,1,3,3,5,2,0
996159,1,3,10,4,11,1,2,0,3,3,2,0,0,0,0,0,0,0,4,6,0,2,3,3,3,2,2,0
607543,0,5,5,6,11,1,3,0,3,3,0,1,0,0,0,0,0,0,3,5,0,2,0,3,3,5,2,0
1467164,0,2,2,3,1,2,5,0,5,4,3,0,0,0,0,0,0,0,4,6,0,2,1,4,4,3,2,0
1920983,1,4,11,5,2,1,4,0,1,2,1,0,0,0,0,0,0,0,9,3,2,1,1,2,2,1,1,0
1956140,0,2,2,3,1,2,4,0,3,3,1,0,0,0,0,0,0,0,6,2,0,2,2,2,2,5,1,0
1801382,1,6,13,7,1,1,0,0,0,0,0,0,0,0,1,0,1,0,9,1,0,2,1,0,2,0,0,0
576446,0,6,6,7,1,1,0,0,0,0,0,0,0,1,1,0,0,0,0,0,0,2,0,0,2,0,0,0
2368390,0,2,2,3,1,1,5,0,2,2,1,0,0,0,0,0,0,0,7,3,0,1,1,2,2,3,1,0
1107640,1,1,8,2,11,1,0,0,1,0,1,0,0,0,0,0,0,0,9,3,0,2,2,2,2,0,1,0
1304933,1,0,7,1,11,1,0,0,0,0,0,0,0,0,0,0,0,0,0,0,0,1,1,0,0,0,0,0
2202592,1,0,7,1,1,2,0,0,0,0,0,0,0,0,0,0,0,0,0,0,0,2,1,0,0,0,0,0
660991,0,2,2,3,1,3,0,0,1,0,1,0,0,1,0,0,0,0,5,3,0,2,2,2,2,0,1,0
69128,1,3,10,4,3,1,5,1,3,3,2,0,0,0,0,0,0,0,5,6,0,2,2,3,3,5,2,0
1545971,1,2,9,3,0,1,0,0,2,0,1,0,0,0,0,0,0,0,7,2,0,1,0,2,2,0,1,0
307463,0,3,3,4,1,12,3,0,5,4,3,0,0,1,0,0,0,0,7,2,0,2,1,4,4,6,2,0
317552,0,1,1,2,0,1,0,0,0,0,0,0,0,0,0,0,0,0,0,0,0,2,1,0,0,0,0,0
1734861,0,4,4,5,1,1,2,0,3,3,3,0,0,0,0,0,0,0,4,1,0,2,1,4,4,5,2,1
2047082,0,4,4,5,1,1,3,0,5,5,4,0,0,0,0,0,0,0,9,1,0,2,1,5,5,5,2,0
2419829,0,4,4,5,3,1,3,6,3,3,1,0,0,1,0,0,0,0,4,1,4,2,1,2,2,3,2,0
295656,1,5,12,6,1,12,3,0,2,2,3,0,0,0,0,0,0,0,9,1,0,2,2,4,4,1,2,0
2410860,1,6,13,7,1,2,0,0,0,0,0,0,0,0,1,0,0,0,0,0,0,1,0,0,2,0,0,0
290954,1,3,10,4,0,1,0,0,0,0,0,0,0,0,0,0,0,0,10,6,0,2,0,0,0,0,0,0
1919694,1,5,12,6,3,1,0,0,2,0,1,0,0,0,0,0,0,0,4,6,0,2,0,2,2,0,1,1
1604789,1,5,12,6,1,1,0,0,0,0,0,0,0,0,0,0,0,1,0,0,0,2,2,0,2,0,0,0
109520,1,2,9,3,1,1,3,0,1,2,1,0,0,0,0,0,0,0,9,2,0,2,1,2,2,3,2,0
1606364,0,4,4,5,11,1,3,0,3,3,1,0,0,0,0,0,0,0,3,6,0,1,1,2,2,5,2,0
1940441,0,0,0,1,1,12,0,0,0,0,0,0,0,0,0,0,0,0,0,0,0,2,1,0,0,0,0,0
1997558,1,3,10,4,3,1,5,1,1,1,1,0,0,0,0,0,0,0,8,2,0,2,0,2,2,2,1,0
1931748,0,0,0,1,1,2,0,0,0,0,0,0,0,0,0,0,0,0,0,0,0,2,1,0,0,0,0,0
1879500,1,2,9,3,2,2,0,0,1,0,1,0,0,1,0,0,0,0,5,2,0,2,0,2,2,0,1,0
1824549,1,0,7,1,11,2,0,0,0,0,0,0,0,0,0,0,0,0,0,0,0,2,0,0,0,0,0,0
1960918,0,1,1,2,1,2,0,0,0,0,0,0,0,0,0,0,0,0,0,0,0,2,1,0,0,0,0,0
717933,1,4,11,5,1,12,0,0,3,0,1,0,0,0,1,0,0,0,7,3,0,2,1,2,2,0,1,0
1533132,1,6,13,7,2,1,0,0,0,0,0,0,0,0,1,0,0,0,0,0,0,2,0,0,2,0,0,0
977948,1,3,10,4,2,1,3,0,3,2,2,0,0,0,0,0,0,0,8,2,2,2,0,3,3,5,1,0
1971751,0,0,0,1,3,1,0,2,0,0,0,0,0,0,0,0,0,0,0,0,0,1,2,0,0,0,0,0
2123819,1,2,9,3,1,1,0,0,0,2,0,0,0,0,0,0,0,0,9,3,0,2,0,0,0,0,0,0
686867,1,3,10,4,1,1,5,0,1,1,1,0,0,0,0,0,0,0,9,3,0,2,2,2,2,4,1,0
568805,0,6,6,7,2,1,0,0,0,0,0,0,0,0,1,0,1,0,0,0,0,2,2,0,2,0,0,1
14301,0,3,3,4,1,1,0,0,2,0,1,0,1,0,0,1,0,0,1,4,0,1,0,2,2,0,1,1
930801,0,2,2,3,9,1,3,0,3,3,2,0,0,0,0,0,0,0,4,6,3,2,1,3,3,1,1,0
2423983,0,1,1,2,0,1,0,0,0,0,0,0,0,0,0,0,0,0,0,0,0,2,1,0,0,0,0,0
1336406,1,0,7,1,1,12,0,0,0,0,0,0,0,0,0,0,0,0,0,0,0,2,1,0,0,0,0,0
137392,0,3,3,4,1,2,5,0,3,3,3,0,0,1,0,0,0,0,9,1,0,2,1,4,4,5,2,1
2410332,0,0,0,1,1,2,0,0,0,0,0,0,0,0,0,0,0,0,0,0,0,2,1,0,0,0,0,0
1531550,0,3,3,4,1,2,3,0,3,4,2,0,0,0,0,0,0,0,5,1,0,2,1,3,3,5,2,0
2417476,1,0,7,1,1,2,0,0,0,0,0,0,0,0,0,0,0,0,0,0,0,2,1,0,0,0,0,0
2117909,1,3,10,4,1,12,0,0,2,0,1,0,0,0,0,0,0,0,7,2,0,2,1,2,2,0,2,0
1762935,1,2,9,3,1,1,0,0,1,0,1,0,1,0,0,0,0,1,8,1,0,1,1,1,2,0,1,0
1362358,1,0,7,1,1,12,0,0,0,0,0,0,0,0,0,0,0,0,0,0,0,2,2,0,0,0,0,0
596685,1,0,7,1,1,3,0,0,0,0,0,0,0,0,0,0,0,0,0,0,0,2,2,0,0,0,0,0
1805277,1,0,7,1,1,2,0,0,0,0,0,0,0,0,0,0,0,0,0,0,0,2,1,0,0,0,0,0
864381,1,0,7,1,11,1,0,0,0,0,0,0,0,0,0,0,0,0,0,0,0,2,1,0,0,0,0,0
2003904,1,0,7,1,3,1,0,2,0,0,0,0,0,0,0,0,0,0,0,0,0,1,1,0,0,0,0,0
2355012,0,3,3,4,1,2,2,0,3,3,2,0,0,0,0,0,0,0,3,5,0,2,1,3,3,2,1,1
2084546,1,6,13,7,1,1,0,0,0,0,0,0,0,1,1,0,0,0,0,0,0,1,1,0,2,0,0,0
1030633,0,2,2,3,3,1,1,2,3,3,1,0,0,0,0,0,0,0,8,5,1,2,2,2,2,5,2,0
1351169,0,3,3,4,2,1,3,0,3,3,2,0,0,1,0,0,0,0,4,5,0,2,0,3,3,2,2,0
371394,1,0,7,1,1,1,0,0,0,0,0,0,0,0,0,0,0,0,0,0,0,2,1,0,0,0,0,0
660964,1,5,12,6,3,1,0,0,0,0,0,0,0,0,0,0,0,0,0,0,0,2,2,0,0,0,0,0
2208624,1,3,10,4,1,1,4,0,5,5,0,1,0,0,0,0,0,0,6,2,0,2,1,2,2,2,2,0
579790,1,6,13,7,0,1,0,0,0,0,0,0,0,0,1,1,0,0,7,2,0,2,1,0,2,0,0,0
211189,0,2,2,3,11,1,2,0,3,3,0,1,0,0,0,0,0,0,1,4,0,2,2,2,2,6,1,0
339972,1,1,8,2,1,12,1,0,5,3,1,0,0,1,0,0,0,0,7,3,0,2,3,2,2,3,2,0
1248520,0,3,3,4,1,1,3,0,3,3,3,0,0,1,0,0,1,0,4,1,0,2,2,4,4,2,2,0
397040,1,0,7,1,9,1,0,0,0,0,0,0,0,0,0,0,0,0,0,0,0,0,0,0,0,0,0,0
2130906,0,5,5,6,1,1,0,0,0,0,0,0,0,1,0,0,1,0,4,1,0,2,1,0,4,0,0,0
888095,1,6,13,7,1,1,0,0,0,0,0,0,0,1,1,0,0,0,0,0,0,2,1,0,2,0,0,0
2333993,1,5,12,6,2,1,3,0,3,5,3,0,0,1,0,0,0,0,5,1,0,2,0,4,4,3,2,0
792455,1,3,10,4,1,1,0,0,0,0,0,0,0,0,0,0,1,0,8,3,0,2,1,0,2,0,0,0
1404407,1,0,7,1,1,1,0,0,0,0,0,0,0,0,0,0,0,0,0,0,0,2,1,0,0,0,0,0
1328991,0,3,3,4,8,1,3,0,3,3,3,0,0,1,0,0,0,0,4,2,3,2,1,4,4,3,2,0
387031,1,4,11,5,0,1,4,0,1,3,1,0,0,0,0,0,0,0,9,1,0,2,0,2,2,3,1,0
144222,1,2,9,3,1,1,3,0,3,3,2,0,0,1,0,0,0,0,6,6,0,2,1,3,3,5,2,0
2369737,1,2,9,3,1,1,5,0,1,1,1,0,0,0,0,0,0,0,8,3,0,0,2,2,2,1,1,0
2353638,0,2,2,3,1,1,5,0,4,4,1,1,0,1,0,0,0,0,9,1,0,2,1,2,2,4,1,0
1616598,1,2,9,3,3,1,0,3,0,0,0,0,0,0,0,0,0,0,8,3,4,1,2,0,0,0,0,0
457047,1,4,11,5,1,1,4,0,2,4,1,0,0,0,0,0,0,0,7,2,0,2,1,2,2,2,1,0
1427310,1,4,11,5,1,1,0,0,3,0,1,0,0,1,0,1,0,0,4,6,2,1,1,2,2,0,1,0
2265720,1,0,7,1,1,12,0,0,0,0,0,0,0,0,0,0,0,0,0,0,0,2,1,0,0,0,0,0
1852176,1,6,13,7,1,1,0,0,0,0,0,0,0,1,1,0,0,0,0,0,0,2,1,0,2,0,0,0
2043495,0,6,6,7,1,2,0,0,0,0,0,0,0,1,1,0,1,0,0,0,0,2,1,0,3,0,0,1
2402411,1,5,12,6,11,1,5,0,4,3,1,0,0,0,0,0,0,0,10,3,0,2,1,2,2,4,2,0
1039625,0,2,2,3,0,1,3,0,3,2,1,0,0,0,0,0,0,0,4,3,0,1,2,2,2,4,1,1
241110,0,1,1,2,2,1,0,0,0,0,0,0,0,0,0,0,0,0,0,0,0,2,2,0,0,0,0,0
152061,0,5,5,6,1,1,0,0,4,4,1,0,0,0,0,0,0,0,7,2,0,2,1,2,2,0,1,1
261161,0,3,3,4,1,1,3,0,4,5,3,0,0,1,0,0,0,0,9,1,0,2,2,4,4,4,2,1
1698618,1,6,13,7,1,1,0,0,0,0,0,0,0,0,0,0,0,0,0,0,0,0,2,0,0,0,0,0
657952,1,6,13,7,1,1,0,0,0,0,0,0,0,0,0,0,0,0,0,0,0,2,2,0,0,0,0,0
2201305,0,3,3,4,11,1,2,0,4,4,2,1,0,0,0,0,0,0,11,1,0,2,2,3,3,3,2,2
1596389,0,3,3,4,3,1,1,6,5,5,3,0,0,1,0,0,0,0,7,1,4,2,1,4,4,5,1,0
1797814,1,2,9,3,1,1,5,0,3,5,1,0,0,0,0,0,0,0,7,2,0,2,1,2,2,3,2,1
2270991,0,2,2,3,1,1,4,0,3,5,2,0,0,0,0,0,0,0,7,2,0,2,1,3,3,4,2,0
1057725,1,4,11,5,1,2,4,0,3,3,2,0,0,0,0,0,0,1,4,1,0,2,2,3,4,3,2,0
1105957,0,4,4,5,9,1,0,0,3,2,3,1,0,0,0,0,0,0,6,2,3,2,1,4,4,0,1,0
1376221,1,4,11,5,3,1,3,0,3,3,2,0,0,1,0,0,0,0,9,1,0,2,2,3,4,1,1,0
514073,0,0,0,1,0,1,0,0,0,0,0,0,0,0,0,0,0,0,0,0,0,2,2,0,0,0,0,0
1757983,1,2,9,3,1,2,2,0,3,4,2,0,0,0,0,0,0,0,9,1,0,2,2,3,3,5,2,0
46265,0,1,1,2,3,1,0,0,0,0,0,0,0,0,0,0,0,0,0,0,0,2,1,0,0,0,0,0
17723,1,2,9,3,1,2,2,0,1,4,1,0,0,0,0,0,0,0,9,1,0,1,1,2,2,2,1,0
673134,0,0,0,1,3,1,0,0,0,0,0,0,0,0,0,0,0,0,0,0,0,2,1,0,0,0,0,0
1213362,0,5,5,6,1,1,3,0,3,3,4,0,0,1,0,0,0,0,10,1,0,2,1,5,5,5,2,0
80392,1,3,10,4,1,1,2,0,3,3,1,0,0,0,0,0,0,1,9,3,0,2,2,2,3,1,2,0
1212285,0,5,5,6,1,2,5,0,3,3,1,0,0,1,0,0,0,0,9,3,0,2,2,2,2,3,2,1
354872,1,1,8,2,1,4,0,0,0,0,0,0,0,0,0,0,0,0,0,0,0,2,1,0,0,0,0,0
697655,1,2,9,3,1,1,3,0,3,3,1,0,0,0,0,0,0,1,8,2,0,2,0,2,2,4,2,0
435321,1,4,11,5,11,1,5,0,3,3,1,0,0,0,0,0,0,0,9,3,0,1,2,2,2,5,2,0
966110,1,3,10,4,1,1,4,0,3,3,3,0,0,1,0,0,0,0,9,2,0,2,1,4,4,2,2,0
372969,0,0,0,1,1,2,0,0,0,0,0,0,0,0,0,0,0,0,0,0,0,2,0,0,0,0,0,0
321165,0,1,1,2,0,1,0,0,2,0,1,0,0,0,0,0,0,0,7,3,0,0,2,2,2,0,1,0
1628509,1,5,12,6,1,1,0,0,2,0,1,0,0,1,0,0,0,0,9,3,0,2,0,2,2,0,1,0
1391802,0,4,4,5,1,1,2,0,5,5,3,0,0,1,0,0,0,0,4,1,0,2,2,4,4,5,2,0
1991936,1,0,7,1,11,2,0,0,0,0,0,0,0,0,0,0,0,0,0,0,0,2,0,0,0,0,0,0
2247884,0,5,5,6,0,1,1,0,0,4,0,0,0,0,0,0,0,0,3,1,0,2,1,0,0,2,0,1
251926,0,0,0,1,11,1,0,0,0,0,0,0,0,0,0,0,0,0,0,0,0,2,2,0,0,0,0,0
28037,0,6,6,7,1,1,0,0,0,0,0,0,0,1,1,0,1,1,4,1,0,2,2,0,3,0,0,1
577377,1,3,10,4,11,1,3,0,1,1,2,0,0,1,1,0,1,0,9,1,0,2,1,3,3,2,2,0
923799,1,6,13,7,1,1,0,0,0,0,0,0,0,0,1,0,0,0,0,0,0,2,1,0,2,0,0,0
761420,0,3,3,4,1,2,0,0,4,0,1,0,0,1,0,0,0,1,4,6,0,2,2,2,3,0,1,0
1709158,0,3,3,4,1,1,2,0,2,2,1,1,0,1,0,0,0,1,3,5,0,2,1,2,2,5,1,0
2354776,1,0,7,1,11,1,0,0,0,0,0,0,0,0,0,0,0,0,0,0,0,1,0,0,0,0,0,0
980917,1,6,13,7,11,1,0,0,1,0,1,0,0,1,1,0,0,0,9,3,0,2,0,2,3,0,1,0
430288,0,1,1,2,1,2,0,0,1,0,1,0,0,0,0,0,0,0,7,2,0,2,1,2,2,0,1,0
960312,0,1,1,2,3,1,2,0,3,3,1,0,0,0,0,0,0,0,8,3,4,1,1,2,2,2,1,0
1516213,0,0,0,1,1,1,0,0,0,0,0,0,0,0,0,0,0,0,0,0,0,2,2,0,0,0,0,0
2274940,1,0,7,1,1,2,0,0,0,0,0,0,0,0,0,0,0,0,0,0,0,2,1,0,0,0,0,0
2007862,0,5,5,6,1,1,0,0,5,5,0,0,1,0,0,0,0,0,1,4,0,2,2,4,4,0,2,1
1384287,1,2,9,3,2,1,0,0,1,0,1,0,0,1,0,0,0,0,9,1,0,1,2,2,2,0,1,0
183591,1,6,13,7,1,2,0,0,3,0,1,0,0,1,1,0,0,1,8,1,0,2,1,2,2,0,1,0
2242459,0,2,2,3,0,1,2,0,3,3,2,0,0,0,0,0,0,0,10,1,1,2,1,3,3,5,2,0
1973998,1,4,11,5,1,2,4,0,1,3,1,0,0,0,0,0,0,0,7,6,0,2,0,2,2,6,2,0
495362,1,6,13,7,0,1,0,0,0,0,0,0,0,0,1,1,0,0,0,0,0,2,1,0,2,0,0,0
936584,1,3,10,4,11,1,1,0,0,3,0,0,0,0,0,0,0,0,7,2,0,2,1,0,0,3,0,0
536939,0,5,5,6,0,1,0,0,0,0,0,0,0,0,0,1,0,0,7,5,0,1,1,0,2,0,0,1
25249,0,4,4,5,1,1,3,0,1,2,1,0,1,0,0,0,0,0,7,6,0,2,1,2,2,4,1,1
914800,1,6,13,7,4,1,3,0,5,5,1,0,0,0,0,0,0,0,9,3,4,2,1,2,2,6,1,0
1249470,0,4,4,5,1,1,2,0,3,3,2,0,0,0,0,0,0,0,9,5,0,2,0,3,3,3,2,0
1591433,0,5,5,6,1,1,0,0,0,0,0,0,0,0,0,0,1,0,0,0,0,2,2,0,2,0,0,0
2286556,0,3,3,4,3,1,0,2,0,0,0,0,0,0,0,0,0,0,0,0,0,1,1,0,0,0,0,0
1301187,0,3,3,4,1,1,5,0,4,1,1,0,0,0,0,0,0,1,7,2,0,2,1,2,2,5,1,0
1781766,0,5,5,6,1,2,3,0,5,1,1,0,1,0,0,0,0,0,8,3,0,1,2,2,2,1,1,1
2219736,0,2,2,3,11,1,3,0,3,3,2,0,0,1,0,0,0,0,4,6,0,2,2,3,3,3,2,0
1035326,1,6,13,7,2,1,0,0,0,0,0,0,0,1,1,0,0,0,0,0,0,2,2,0,2,0,0,0
174945,0,2,2,3,2,1,4,0,1,3,1,0,0,1,0,0,0,0,7,2,0,2,2,2,2,5,2,0
1202375,1,4,11,5,1,2,0,0,0,0,0,0,0,0,0,0,0,0,0,0,0,1,0,0,0,0,0,0
1573644,1,2,9,3,11,1,0,0,0,0,0,0,0,0,0,1,0,0,8,3,0,1,0,0,2,0,0,0
489828,0,2,2,3,0,1,2,0,4,4,2,0,0,0,0,0,0,0,4,4,0,2,2,3,3,2,2,0
1071351,0,4,4,5,1,1,2,0,5,5,4,0,0,1,0,0,0,0,10,1,0,2,2,5,5,2,2,0
633483,0,1,1,2,3,1,0,2,0,0,0,0,0,0,0,0,0,0,0,0,0,2,0,0,0,0,0,0
836187,1,3,10,4,1,2,4,0,1,2,1,0,0,0,0,0,0,0,8,2,0,2,0,2,2,1,1,0
2305030,0,3,3,4,11,1,3,0,3,3,2,0,0,1,0,0,0,0,10,3,0,2,0,3,3,3,2,1
1288493,0,0,0,1,1,2,0,0,0,0,0,0,0,0,0,0,0,0,0,0,0,2,1,0,0,0,0,0
2339672,0,1,1,2,0,1,3,0,5,3,1,0,0,0,0,0,0,0,7,2,4,2,1,2,2,5,2,0
1661448,0,4,4,5,0,1,3,0,3,3,2,0,0,1,0,0,0,0,4,6,0,2,2,3,3,3,2,1
2406338,0,2,2,3,1,2,4,0,2,1,2,0,0,0,0,0,0,0,8,2,0,2,1,3,3,4,2,0
58194,1,5,12,6,1,2,0,0,1,0,1,0,0,0,0,0,0,0,9,2,0,2,1,2,2,0,2,0
1274868,0,5,5,6,1,1,3,0,3,3,2,0,0,0,0,0,0,0,2,6,0,2,1,3,3,2,1,1
1923978,0,0,0,1,1,2,0,0,0,0,0,0,0,0,0,0,0,0,0,0,0,2,1,0,0,0,0,0
949386,1,1,8,2,0,1,0,0,1,0,1,0,0,0,0,0,0,0,7,3,0,1,0,2,2,0,1,0
585464,1,4,11,5,1,2,4,0,2,2,3,0,0,1,0,0,0,0,2,2,0,2,1,4,4,6,2,0
1268545,0,2,2,3,11,1,2,0,3,3,1,0,0,0,0,0,0,0,7,3,0,2,1,2,2,2,2,0
965643,0,0,0,1,1,3,0,0,0,0,0,0,0,0,0,0,0,0,0,0,0,1,1,0,0,0,0,0
1633617,0,0,0,1,11,1,0,0,0,0,0,0,0,0,0,0,0,0,0,0,0,2,1,0,0,0,0,0
746485,0,5,5,6,1,2,2,0,4,4,1,0,0,1,0,0,0,0,6,5,0,2,2,2,2,4,1,1
1236310,1,0,7,1,1,1,0,0,0,0,0,0,0,0,0,0,0,0,0,0,0,1,1,0,0,0,0,0
644924,0,4,4,5,1,2,1,0,4,5,3,0,0,0,0,0,0,0,7,6,0,2,1,4,4,1,2,1
820455,0,4,4,5,1,1,4,0,5,2,1,0,0,0,0,0,0,0,9,1,2,2,0,2,2,2,1,0
1367679,1,5,12,6,2,3,0,0,0,0,0,0,0,0,0,0,0,0,9,2,0,2,1,0,0,0,0,0
911014,1,4,11,5,9,1,0,0,0,0,0,0,0,0,0,0,0,0,0,0,0,2,1,0,0,0,0,0
2141835,1,3,10,4,1,2,2,0,3,3,2,0,0,1,0,0,0,0,9,2,0,2,2,3,3,4,2,0
2422442,1,4,11,5,9,1,4,0,2,2,1,0,0,0,0,0,0,0,7,2,3,2,2,2,2,1,1,0
348332,0,2,2,3,0,1,3,0,3,3,2,0,0,0,0,0,0,0,3,6,0,2,1,3,3,2,2,0
412188,1,2,9,3,3,1,0,2,0,0,0,0,0,0,0,0,0,0,0,0,0,1,1,0,0,0,0,0
2313902,0,3,3,4,9,1,3,0,3,3,0,1,0,1,0,0,0,0,3,5,3,2,2,4,4,4,2,0
1000779,1,6,13,7,1,1,0,0,0,0,0,0,0,0,1,0,0,0,0,0,0,1,0,0,2,0,0,0
615658,1,2,9,3,0,1,0,0,0,0,0,0,0,0,0,0,0,0,0,0,0,1,1,0,0,0,0,0
2364011,0,0,0,1,3,1,0,2,0,0,0,0,0,0,0,0,0,0,0,0,0,1,3,0,0,0,0,0
296076,0,3,3,4,1,1,3,0,3,4,3,1,0,1,0,0,0,0,9,1,0,2,1,4,4,2,2,0
2213042,0,5,5,6,1,1,3,0,3,3,3,0,0,1,0,0,0,0,6,2,0,2,2,4,4,4,2,1
1720658,1,2,9,3,3,1,3,0,3,3,1,0,0,0,0,0,0,0,4,6,0,2,1,2,2,1,1,0
2145694,0,6,6,7,1,1,0,0,0,0,0,0,0,0,1,0,0,0,0,0,0,2,0,0,2,0,0,0
1240151,1,3,10,4,11,1,4,0,3,4,2,0,0,1,0,0,0,0,9,1,0,2,2,3,4,2,2,0
318029,1,4,11,5,1,1,5,0,2,1,1,0,0,0,0,0,0,0,7,3,0,2,2,2,2,4,1,0
273291,0,3,3,4,9,1,0,0,0,0,0,0,0,0,0,0,0,0,0,0,3,1,1,0,0,0,0,0
1663323,0,3,3,4,3,1,1,0,3,3,1,0,0,0,0,0,0,0,6,6,4,1,1,2,2,5,1,0
1604272,0,1,1,2,1,2,0,0,0,0,0,0,0,0,0,0,0,0,0,0,0,2,1,0,0,0,0,0
1792812,1,0,7,1,11,1,0,0,0,0,0,0,0,0,0,0,0,0,0,0,0,2,1,0,0,0,0,0
175927,1,3,10,4,11,2,3,0,3,3,3,0,0,0,0,0,0,0,8,2,0,2,2,4,4,5,2,0
167542,0,1,1,2,11,1,0,0,0,0,0,0,0,0,0,0,0,0,0,0,0,2,1,0,0,0,0,0
1738752,1,1,8,2,11,1,2,0,2,2,1,0,0,0,0,0,0,0,7,2,0,2,2,2,2,3,2,0
1602408,1,2,9,3,3,1,0,0,0,0,0,0,0,0,0,1,0,0,0,0,0,2,2,0,2,0,0,0
2353726,1,4,11,5,11,1,0,0,0,0,0,0,0,0,0,1,0,0,12,8,0,1,0,0,2,0,0,0
2214930,0,5,5,6,1,3,0,0,0,0,0,0,0,1,0,0,0,0,0,0,0,2,1,0,3,0,0,0
870673,1,6,13,7,1,1,0,0,0,0,0,0,0,1,1,0,0,0,0,0,0,2,0,0,2,0,0,0
582409,1,6,13,7,1,2,0,0,0,0,0,0,0,1,1,0,1,0,0,0,0,2,2,0,3,0,0,0
1715427,0,2,2,3,9,1,1,0,3,3,1,0,0,0,0,0,0,0,3,5,3,2,1,2,2,5,2,0
1278818,0,0,0,1,1,1,0,0,0,0,0,0,0,0,0,0,0,0,0,0,0,1,1,0,0,0,0,0
1756856,1,5,12,6,2,1,0,0,1,0,1,0,0,0,0,0,0,0,8,2,0,2,1,2,2,0,1,0
1307243,1,3,10,4,1,11,0,0,0,0,0,0,0,0,0,0,0,0,0,0,6,2,1,0,0,0,0,0
1792259,1,6,13,7,1,1,0,0,0,0,0,0,0,1,1,0,0,0,0,0,0,0,2,0,4,0,0,0
884124,1,6,13,7,3,1,0,0,3,0,1,0,0,1,1,0,1,0,9,2,4,2,0,2,3,0,1,0
1094103,1,2,9,3,11,1,3,0,3,3,1,0,0,0,0,0,0,0,5,2,0,2,2,2,2,2,2,0
681301,0,3,3,4,1,2,3,0,4,3,3,0,0,0,0,0,0,0,4,1,0,2,1,4,4,6,2,0
2378915,1,1,8,2,1,1,0,0,1,0,1,0,0,0,0,0,0,0,7,3,0,2,1,2,2,0,1,0
2079974,1,1,8,2,9,1,5,0,0,1,0,0,0,0,0,0,0,0,7,2,3,2,1,0,0,2,0,0
832911,0,3,3,4,1,2,0,0,3,0,1,0,0,1,0,0,0,0,4,6,0,2,0,2,3,0,2,0
748119,0,0,0,1,11,1,0,0,0,0,0,0,0,0,0,0,0,0,0,0,0,2,1,0,0,0,0,0
2078852,0,6,6,7,1,4,3,0,2,2,1,0,0,1,1,0,0,0,8,6,0,2,1,2,3,4,1,1
2366880,1,1,8,2,11,1,0,0,0,0,0,0,0,0,0,0,0,0,0,0,0,2,2,0,0,0,0,0
330669,1,2,9,3,1,1,5,0,3,3,2,0,0,0,0,0,0,0,4,6,0,2,1,3,3,4,2,0
752437,1,4,11,5,3,1,0,2,2,0,1,0,0,0,0,0,0,0,9,1,1,2,1,2,2,0,1,0
1983089,0,0,0,1,11,1,0,0,0,0,0,0,0,0,0,0,0,0,0,0,0,2,1,0,0,0,0,0
919799,0,2,2,3,2,2,4,0,3,4,2,0,0,0,0,0,0,0,8,1,0,2,1,3,3,4,2,0
897027,1,6,13,7,2,1,0,0,0,0,0,0,0,1,1,0,1,0,0,0,2,2,1,0,3,0,0,0
838289,0,3,3,4,0,1,1,0,3,3,3,0,0,1,0,0,0,0,4,5,0,2,0,4,4,1,2,0
1811422,0,4,4,5,1,2,2,0,3,3,3,0,0,0,0,0,0,0,3,5,0,2,1,4,4,5,2,1
1603143,0,5,5,6,1,1,2,0,3,3,3,0,1,1,0,0,0,0,4,5,0,2,0,4,4,4,2,1
944179,0,1,1,2,11,1,3,0,2,2,1,0,0,0,0,0,0,0,7,3,0,2,2,2,2,4,2,0
224725,1,5,12,6,0,1,0,0,1,0,1,0,0,0,0,0,0,0,8,3,0,2,1,2,2,0,1,0
2233055,1,3,10,4,3,1,5,0,3,3,1,0,0,0,0,0,0,0,7,1,4,2,1,2,2,1,2,0
1582746,0,6,6,7,11,1,0,0,0,0,0,0,0,0,1,0,0,0,0,0,0,1,1,0,2,0,0,1
1842603,1,4,11,5,3,1,3,2,1,2,1,0,0,0,1,0,0,0,9,3,1,2,1,2,2,2,1,0
92038,1,4,11,5,11,1,0,0,0,0,0,0,0,0,0,0,0,1,0,0,0,2,0,0,2,0,0,0
325038,1,0,7,1,11,1,0,0,0,0,0,0,0,0,0,0,0,0,0,0,0,1,1,0,0,0,0,0
963548,0,0,0,1,11,1,0,0,0,0,0,0,0,0,0,0,0,0,0,0,0,2,1,0,0,0,0,0
445812,1,3,10,4,0,1,0,0,3,0,1,0,0,0,0,0,0,0,7,3,4,2,1,2,2,0,2,0
199684,1,4,11,5,11,1,0,0,0,0,0,0,0,0,0,0,0,0,10,2,0,2,0,0,0,0,0,0
1062659,0,1,1,2,1,3,0,0,0,0,0,0,0,1,0,0,0,1,0,0,0,2,1,0,2,0,0,0
597311,0,2,2,3,9,1,0,0,3,0,1,0,0,0,0,0,0,0,8,3,0,2,1,2,2,0,1,0
1993977,0,2,2,3,1,2,2,0,3,3,2,0,0,0,0,0,0,0,5,1,0,2,1,3,3,6,2,0
1811336,1,3,10,4,1,1,3,0,3,3,1,0,0,0,0,0,0,0,9,1,0,2,2,2,2,4,1,0
696103,1,2,9,3,0,1,0,0,0,0,0,0,0,0,0,0,0,0,4,6,0,1,1,0,0,0,0,0
1487222,1,2,9,3,11,1,0,0,1,0,1,0,0,0,0,0,0,0,8,2,0,2,3,2,2,0,1,0
1653156,1,2,9,3,1,2,0,0,3,0,1,0,0,0,0,0,0,0,6,2,0,2,0,2,2,0,1,0
1145942,0,0,0,1,11,1,0,0,0,0,0,0,0,0,0,0,0,0,0,0,0,1,1,0,0,0,0,0
738626,0,1,1,2,1,1,5,0,2,2,1,0,0,0,0,0,0,0,4,2,0,2,1,2,2,2,1,0
292583,0,4,4,5,0,1,5,0,3,3,3,0,0,0,0,0,0,0,3,6,0,2,0,4,4,4,1,0
2325479,1,3,10,4,1,1,5,0,1,1,1,0,0,0,0,0,0,0,7,3,2,2,1,2,2,2,1,0
339898,1,6,13,7,11,1,0,0,0,0,0,0,0,0,1,0,0,0,0,0,0,2,1,0,2,0,0,0
1527197,0,0,0,1,9,1,0,0,0,0,0,0,0,0,0,0,0,0,0,0,0,2,1,0,0,0,0,0
1044953,1,0,7,1,3,1,0,9,0,0,0,0,0,0,0,0,0,0,0,0,0,2,0,0,0,0,0,0
2323323,0,1,1,2,11,1,0,0,0,0,0,0,0,0,0,0,0,0,0,0,0,2,2,0,0,0,0,0
156613,1,2,9,3,1,2,3,0,3,2,1,0,0,0,0,0,0,0,7,3,0,2,1,2,2,2,1,0
2365773,0,3,3,4,2,12,2,0,5,4,2,0,0,0,0,0,0,0,10,3,0,2,0,3,3,5,2,0
28767,1,0,7,1,11,1,0,0,0,0,0,0,0,0,0,0,0,0,0,0,0,1,1,0,0,0,0,0
309881,0,0,0,1,0,1,0,0,0,0,0,0,0,0,0,0,0,0,0,0,0,2,0,0,0,0,0,0
681850,0,6,6,7,1,1,0,0,0,0,0,0,0,0,1,0,1,0,0,0,2,2,1,0,2,0,0,0
1167848,1,2,9,3,11,1,5,2,3,2,1,0,0,0,0,0,0,0,9,3,0,2,1,2,2,5,1,0
2062133,1,0,7,1,1,2,0,0,0,0,0,0,0,0,0,0,0,0,0,0,0,2,1,0,0,0,0,0
2216145,0,0,0,1,1,3,0,0,0,0,0,0,0,0,0,0,0,0,0,0,0,1,1,0,0,0,0,0
293287,1,6,13,7,11,1,0,0,0,0,0,0,0,1,1,0,0,0,0,0,0,2,1,0,2,0,0,0
1578354,0,3,3,4,1,2,3,0,3,1,2,0,0,0,0,0,0,0,3,6,0,2,1,3,3,3,1,0
1418391,1,0,7,1,11,1,0,0,0,0,0,0,0,0,0,0,0,0,0,0,0,2,1,0,0,0,0,0
385783,0,0,0,1,11,1,0,0,0,0,0,0,0,0,0,0,0,0,0,0,0,2,2,0,0,0,0,0
1029566,1,3,10,4,11,1,3,0,3,1,3,0,0,0,0,0,0,0,9,1,0,2,2,4,4,1,1,0
2352956,0,0,0,1,3,1,0,0,0,0,0,0,0,0,0,0,0,0,0,0,0,2,1,0,0,0,0,0
406684,0,5,5,6,1,1,2,0,3,3,2,0,0,0,0,0,0,0,4,5,0,2,1,3,3,4,2,1
301056,1,6,13,7,11,1,0,0,0,0,0,0,0,0,1,0,0,0,7,3,0,2,3,0,2,0,0,0
306647,1,5,12,6,1,2,0,0,0,0,0,0,0,1,1,0,0,0,9,1,0,2,1,0,2,0,0,0
384115,0,4,4,5,1,2,1,0,3,3,1,0,0,0,0,0,0,0,4,3,0,2,0,2,2,5,1,0
1123729,0,5,5,6,1,2,5,0,3,3,1,0,0,0,0,0,0,0,9,3,0,2,0,2,2,5,2,1
264728,0,2,2,3,3,1,4,0,3,3,2,0,0,0,1,0,0,0,7,3,4,2,2,3,3,4,2,0
1053348,1,4,11,5,1,1,0,0,2,0,3,0,0,0,0,0,0,0,9,1,0,2,1,4,4,0,1,0
219619,1,3,10,4,11,1,0,0,0,0,0,0,0,0,0,0,0,0,0,0,0,2,1,0,0,0,0,0
1220631,0,4,4,5,1,2,2,0,3,3,2,0,0,1,0,0,0,0,10,5,0,2,1,3,4,1,2,1
223465,1,0,7,1,11,1,0,0,0,0,0,0,0,0,0,0,0,0,0,0,0,2,1,0,0,0,0,0
1257129,1,5,12,6,11,1,4,0,3,3,1,0,0,0,0,0,0,0,9,3,0,2,0,2,2,5,2,0
397226,1,5,12,6,0,1,2,0,3,3,1,0,0,0,0,0,0,0,4,6,0,2,1,2,2,1,2,0
421926,1,2,9,3,1,2,2,0,3,3,1,0,0,0,0,0,0,0,4,6,0,2,1,2,2,5,2,0
858109,0,0,0,1,1,2,0,0,0,0,0,0,0,0,0,0,0,0,0,0,0,2,2,0,0,0,0,0
1703748,0,1,1,2,1,1,5,0,1,1,1,0,0,1,0,0,0,0,5,3,0,2,2,2,2,1,2,0
2285428,0,5,5,6,11,1,4,0,4,4,1,0,0,1,0,0,0,0,7,2,0,2,2,2,2,6,1,1
1693936,1,6,13,7,11,1,0,0,0,0,0,0,0,0,0,1,0,0,0,0,0,2,1,0,2,0,0,0
840332,0,4,4,5,11,1,2,0,3,3,2,0,0,0,0,0,0,0,9,5,0,2,2,3,3,1,1,0
287686,0,3,3,4,11,1,5,0,3,3,3,0,0,0,0,0,0,0,5,6,0,2,3,4,4,1,2,1
2395140,0,0,0,1,0,1,0,0,0,0,0,0,0,0,0,0,0,0,0,0,0,2,0,0,0,0,0,0
448421,1,2,9,3,1,1,0,0,3,0,1,0,0,1,0,0,0,0,8,2,0,1,1,2,2,0,1,0
1473107,0,2,2,3,11,2,3,0,5,5,0,0,1,0,0,0,0,0,1,4,0,2,1,3,3,5,2,0
2123385,0,3,3,4,11,1,3,0,3,5,3,0,0,0,0,0,0,1,8,5,0,2,1,4,4,5,2,1
1697847,1,0,7,1,0,1,0,0,0,0,0,0,0,0,0,0,0,0,0,0,0,1,1,0,0,0,0,0
1146977,1,3,10,4,11,1,2,0,3,3,2,0,0,0,0,0,0,0,9,3,0,2,2,3,3,4,2,0
616399,1,4,11,5,1,1,4,0,0,1,0,0,0,0,0,0,0,0,7,2,0,2,0,0,0,2,0,0
2204082,1,4,11,5,11,1,3,0,3,3,1,0,0,0,0,0,0,0,4,6,0,2,2,2,2,3,1,0
2350285,0,0,0,1,8,1,0,0,0,0,0,0,0,0,0,0,0,0,0,0,3,1,2,0,0,0,0,0
1485343,1,5,12,6,1,2,0,0,1,1,1,1,0,1,0,0,0,0,9,1,0,2,2,2,2,0,2,0
1305298,1,3,10,4,1,1,0,0,0,0,0,0,0,0,0,1,0,0,0,0,0,1,2,0,2,0,0,0
1006475,1,3,10,4,1,2,3,0,3,4,2,0,0,0,0,0,0,0,8,2,0,2,1,3,3,4,2,0
1115248,0,0,0,1,11,1,0,0,0,0,0,0,0,0,0,0,0,0,0,0,0,0,1,0,0,0,0,0
163368,1,5,12,6,1,2,2,0,5,3,2,0,0,0,0,0,0,0,9,2,0,2,0,3,3,4,2,0
472402,0,0,0,1,1,2,0,0,0,0,0,0,0,0,0,0,0,0,0,0,0,2,1,0,0,0,0,0
177615,0,5,5,6,11,1,4,0,3,3,3,0,0,0,0,0,0,0,10,3,0,2,1,4,4,6,2,1
679501,0,6,6,7,1,2,0,0,0,0,0,0,0,1,1,0,1,0,0,0,0,2,1,0,3,0,0,1
632786,0,3,3,4,1,2,5,0,3,5,2,0,0,0,0,0,0,0,9,3,0,2,1,3,3,3,2,1
784284,1,4,11,5,2,1,3,0,3,3,3,0,0,0,0,0,0,0,9,1,0,2,1,4,4,2,1,0
1583305,0,2,2,3,1,3,0,0,5,0,1,0,0,0,0,0,0,0,1,6,0,1,2,2,2,0,1,0
1221931,1,3,10,4,1,2,4,0,1,1,1,0,0,0,0,0,0,0,9,1,0,2,1,2,2,3,1,0
2425652,0,0,0,1,1,2,0,0,0,0,0,0,0,0,0,0,0,0,0,0,0,2,1,0,0,0,0,0
665174,0,2,2,3,0,1,0,0,3,0,2,0,0,0,0,0,0,0,8,2,0,0,3,3,3,0,1,0
985759,1,1,8,2,11,1,0,0,0,0,0,0,0,0,0,0,0,0,0,0,0,2,1,0,0,0,0,0
105384,1,2,9,3,1,2,5,0,1,3,1,0,0,0,1,0,0,0,5,2,0,2,1,2,2,4,1,0
255066,0,0,0,1,11,1,0,0,0,0,0,0,0,0,0,0,0,0,0,0,0,2,1,0,0,0,0,0
538758,0,1,1,2,2,2,0,0,0,0,0,0,0,0,0,0,0,0,0,0,0,2,2,0,0,0,0,0
1985275,1,4,11,5,0,1,3,0,3,3,3,0,0,0,0,0,0,0,7,2,0,2,1,4,4,2,2,0
2057014,1,4,11,5,1,3,0,0,0,1,0,0,0,0,0,0,0,0,8,2,0,2,1,0,0,0,0,0
1818758,0,1,1,2,1,12,0,0,0,0,0,0,0,0,0,0,0,0,0,0,0,2,0,0,0,0,0,0
441666,0,3,3,4,1,2,4,0,3,3,0,1,0,1,0,0,0,0,8,3,0,2,1,3,3,4,1,1
129747,1,6,13,7,0,1,0,0,0,0,0,0,0,0,1,0,0,0,0,0,0,2,1,0,2,0,0,0
486882,1,0,7,1,0,1,0,0,0,0,0,0,0,0,0,0,0,0,0,0,0,2,1,0,0,0,0,0
1348069,1,0,7,1,11,1,0,0,0,0,0,0,0,0,0,0,0,0,0,0,0,1,0,0,0,0,0,0
1688964,1,1,8,2,11,1,0,0,0,0,0,0,0,0,0,0,0,0,0,0,0,1,1,0,0,0,0,0
54259,1,0,7,1,0,1,0,0,0,0,0,0,0,0,0,0,0,0,0,0,0,2,1,0,0,0,0,0
1287968,1,3,10,4,11,1,0,0,0,0,0,0,0,0,0,1,0,1,9,2,0,1,1,0,2,0,0,0
688015,1,4,11,5,1,1,4,0,5,5,1,0,0,1,0,0,0,0,7,2,0,2,1,2,2,1,2,0
387711,1,2,9,3,1,1,3,0,5,5,1,0,0,0,0,0,0,0,8,3,2,2,2,2,2,5,2,0
1352195,0,3,3,4,1,1,2,0,4,3,2,0,0,0,0,0,0,0,8,5,0,2,1,3,3,6,2,1
2109982,1,5,12,6,1,1,2,0,3,3,3,0,0,1,0,0,0,0,9,1,0,2,2,4,4,4,2,0
507530,1,6,13,7,1,2,5,0,0,1,0,0,0,1,1,0,0,0,9,3,0,2,2,0,2,2,0,0
2418513,0,4,4,5,1,1,2,0,5,3,3,0,0,0,0,0,0,0,4,2,0,2,1,4,4,4,2,0
194751,1,4,11,5,1,1,3,0,3,3,2,0,0,0,0,0,0,0,8,2,0,2,2,3,3,4,1,0
1456814,1,1,8,2,3,1,0,2,0,0,0,0,0,0,0,0,0,0,0,0,4,2,1,0,0,0,0,0
965986,0,4,4,5,0,1,0,0,4,0,0,1,0,0,0,0,0,0,3,5,0,1,2,2,2,0,1,0
1574811,0,3,3,4,1,1,2,0,3,3,2,0,0,0,0,0,0,0,7,2,0,2,1,3,3,4,2,0
435781,1,0,7,1,1,1,0,0,0,0,0,0,0,0,0,0,0,0,0,0,0,2,2,0,0,0,0,0
1226589,0,2,2,3,6,1,4,0,2,2,3,0,0,1,0,0,0,0,7,1,0,2,2,4,4,2,2,0
2274114,1,0,7,1,1,2,0,0,0,0,0,0,0,0,0,0,0,0,0,0,0,2,1,0,0,0,0,0
222790,0,4,4,5,11,1,5,0,4,1,2,0,0,0,0,0,0,0,10,3,0,2,0,3,3,1,2,1
1804529,1,2,9,3,9,1,0,0,0,0,0,0,0,0,0,0,0,0,0,0,3,1,1,0,0,0,0,0
477507,0,2,2,3,3,2,2,0,4,5,3,0,0,0,0,0,0,0,9,4,0,2,3,4,4,4,2,0
1885132,0,4,4,5,3,1,3,0,3,3,2,0,0,1,0,0,0,0,10,1,0,2,1,3,3,5,2,1
2088587,1,6,13,7,1,2,0,0,0,0,0,0,0,1,1,0,1,0,0,0,0,2,2,0,3,0,0,0
142072,1,2,9,3,2,2,2,0,0,1,0,0,0,0,0,0,0,1,10,2,0,2,1,0,2,3,0,0
668648,1,6,13,7,1,1,0,0,2,0,1,0,0,0,1,0,0,1,9,2,0,2,1,2,2,0,1,0
2169734,1,5,12,6,1,1,0,0,0,0,0,0,0,1,0,0,0,0,0,0,0,2,1,0,2,0,0,0
1732073,0,2,2,3,2,2,0,0,5,0,2,0,0,1,0,0,0,0,7,3,0,2,0,3,3,0,2,0
1545111,0,0,0,1,4,1,0,0,0,0,0,0,0,0,0,0,0,0,0,0,4,2,1,0,0,0,0,0
1405388,0,2,2,3,1,1,3,0,5,5,3,0,0,0,0,0,0,0,8,1,0,2,1,4,4,2,1,0
250328,0,1,1,2,0,1,4,0,3,3,1,0,0,0,0,0,0,0,8,5,0,1,0,2,2,3,1,0
781084,0,4,4,5,2,1,4,0,2,2,0,1,0,0,0,0,0,0,1,4,0,2,2,2,2,5,1,0
12670,1,1,8,2,1,1,0,0,0,0,0,0,0,0,0,0,0,0,0,0,0,2,3,0,0,0,0,0
2268647,0,1,1,2,1,2,4,0,1,1,1,0,0,1,0,0,0,0,7,6,0,2,1,2,2,1,2,0
2018737,1,5,12,6,1,2,0,0,0,0,0,0,0,1,0,0,1,0,0,0,0,2,1,0,4,0,0,0
2277742,0,0,0,1,11,1,0,0,0,0,0,0,0,0,0,0,0,0,0,0,0,2,1,0,0,0,0,0
1364108,0,0,0,1,1,1,0,0,0,0,0,0,0,0,0,0,0,0,0,0,0,2,1,0,0,0,0,0
333992,1,4,11,5,1,1,0,0,0,0,0,0,0,0,0,0,0,0,9,2,0,2,2,0,0,0,0,0
373721,0,4,4,5,1,3,3,0,5,3,4,0,0,0,0,0,0,0,6,1,0,2,1,5,5,3,2,0
1548071,0,5,5,6,1,2,4,0,5,3,0,1,0,0,0,0,0,0,8,2,0,2,1,3,3,4,2,1
1244840,1,5,12,6,11,1,3,0,3,4,3,0,0,0,0,0,0,0,6,5,0,2,2,4,4,2,2,0
740544,0,2,2,3,11,1,0,0,1,0,0,1,0,0,0,0,0,0,3,5,0,2,2,3,3,0,2,0
1490629,1,1,8,2,1,2,0,0,0,0,0,0,0,1,0,0,0,0,0,0,0,2,1,0,2,0,0,0
923754,0,0,0,1,11,1,0,0,0,0,0,0,0,0,0,0,0,0,0,0,0,2,1,0,0,0,0,0
1077681,0,6,6,7,1,2,0,0,3,0,0,0,1,1,0,1,0,0,1,4,0,2,2,2,3,0,2,0
934417,0,6,6,7,11,1,0,0,0,0,0,0,0,0,1,1,0,0,0,0,0,1,1,0,2,0,0,0
1751557,0,5,5,6,1,2,4,0,5,5,2,0,0,1,0,0,0,0,9,1,0,2,2,3,3,2,2,0
1316138,1,6,13,7,0,1,0,0,0,0,0,0,0,1,1,0,1,0,0,0,0,2,0,0,4,0,0,0
1284632,0,0,0,1,1,1,0,0,0,0,0,0,0,0,0,0,0,0,0,0,0,2,1,0,0,0,0,0
387314,1,2,9,3,11,1,0,0,0,0,0,0,0,0,0,0,0,0,4,2,0,2,1,0,0,0,0,0
1175696,0,0,0,1,1,1,0,0,0,0,0,0,0,0,0,0,0,0,0,0,2,2,1,0,0,0,0,0
814549,0,6,6,7,1,2,0,0,0,0,0,0,0,1,1,0,1,0,5,2,0,2,1,0,3,0,0,1
1815203,1,5,12,6,1,2,3,0,2,1,1,0,1,0,0,0,0,0,9,1,0,2,1,3,3,2,1,0
2118131,1,2,9,3,3,1,1,3,3,4,1,0,0,1,0,0,0,0,11,2,0,0,1,2,2,3,2,2
1254862,0,0,0,1,1,2,0,0,0,0,0,0,0,0,0,0,0,0,0,0,0,2,1,0,0,0,0,0
416389,1,5,12,6,1,1,3,0,1,1,1,0,0,0,0,0,0,0,9,3,0,2,0,2,2,1,2,0
2416792,1,6,13,7,1,2,0,0,0,0,0,0,0,1,1,0,1,0,0,0,0,2,1,0,2,0,0,0
568334,1,5,12,6,1,2,0,0,0,0,0,0,0,0,0,0,0,0,0,0,0,2,1,0,0,0,0,0
1247865,0,1,1,2,3,1,0,0,0,0,0,0,0,0,0,0,0,0,0,0,0,1,1,0,0,0,0,0
2165051,1,6,13,7,1,1,0,0,0,0,0,0,0,0,1,0,1,1,0,0,0,2,1,0,2,0,0,0
1322538,0,0,0,1,1,1,0,0,0,0,0,0,0,0,0,0,0,0,0,0,0,2,1,0,0,0,0,0
2319482,0,3,3,4,2,2,4,0,2,2,0,0,1,1,0,0,0,0,1,4,0,2,0,2,2,2,1,0
882314,0,4,4,5,1,1,0,0,1,0,1,0,0,0,0,0,0,0,4,2,0,2,2,2,2,0,1,0
378736,0,6,6,7,0,1,0,0,0,0,0,0,0,0,1,0,1,0,0,0,0,2,0,0,3,0,0,0
171841,0,0,0,1,0,1,0,0,0,0,0,0,0,0,0,0,0,0,0,0,3,1,1,0,0,0,0,0
1883444,1,2,9,3,11,1,5,0,3,4,1,0,0,0,0,0,0,0,7,2,0,2,1,2,2,2,2,0
2263887,1,3,10,4,1,1,3,0,3,5,3,0,0,1,0,0,0,0,9,1,0,2,2,4,4,5,1,1
626707,0,0,0,1,1,1,0,0,0,0,0,0,0,0,0,0,0,0,0,0,0,2,1,0,0,0,0,0
908159,0,1,1,2,3,1,5,0,1,2,1,0,0,0,0,0,0,0,7,6,4,2,1,2,2,1,1,0
1045539,1,4,11,5,1,2,4,0,2,4,2,0,0,1,0,0,0,0,8,1,0,2,2,3,3,1,1,0
2070605,0,4,4,5,11,1,1,0,3,3,2,0,0,0,0,0,0,0,4,2,0,2,0,3,3,5,2,0
1161201,0,0,0,1,3,1,0,0,0,0,0,0,0,0,0,0,0,0,0,0,0,2,2,0,0,0,0,0
1909446,1,1,8,2,1,2,0,0,0,0,0,0,0,0,0,0,0,0,0,0,0,2,1,0,0,0,0,0
1909079,0,0,0,1,1,2,0,0,0,0,0,0,0,0,0,0,0,0,0,0,0,1,1,0,0,0,0,0
471413,1,0,7,1,0,1,0,0,0,0,0,0,0,0,0,0,0,0,0,0,0,2,1,0,0,0,0,0
1381406,0,2,2,3,11,1,2,0,3,2,1,0,0,0,0,0,0,1,1,6,0,2,0,2,3,2,1,0
1107777,1,3,10,4,1,2,4,0,4,4,2,0,0,0,0,0,0,0,9,3,0,2,1,3,3,4,1,0
521731,0,0,0,1,11,1,0,0,0,0,0,0,0,0,0,0,0,0,0,0,0,1,2,0,0,0,0,0
830414,0,3,3,4,0,1,2,0,3,3,1,0,0,0,0,0,0,0,4,6,0,1,2,2,2,5,2,0
990106,0,0,0,1,1,12,0,0,0,0,0,0,0,0,0,0,0,0,0,0,0,2,2,0,0,0,0,0
2385478,0,2,2,3,1,1,3,0,3,3,3,0,0,0,0,0,0,0,3,1,0,2,1,4,4,5,2,0
1536926,1,6,13,7,1,1,0,0,0,0,0,0,0,0,1,0,0,1,0,0,0,1,0,0,2,0,0,0
2363592,0,2,2,3,11,1,4,0,3,3,1,0,0,0,0,0,0,0,8,3,0,1,2,2,2,1,2,0
1163172,0,6,6,7,1,1,0,0,0,0,0,0,0,0,1,0,0,0,0,0,0,2,2,0,2,0,0,0
825873,1,3,10,4,1,1,0,0,2,0,2,0,0,0,0,0,0,0,9,1,0,2,2,3,3,0,2,0
956728,0,0,0,1,11,1,0,0,0,0,0,0,0,0,0,0,0,0,0,0,0,1,1,0,0,0,0,0
2259041,1,2,9,3,1,1,5,0,2,2,1,0,0,0,0,0,0,0,9,3,0,2,0,2,2,3,1,0
1159574,0,5,5,6,11,1,0,0,0,0,0,0,0,0,0,0,0,1,8,2,0,1,1,0,2,0,0,1
441831,0,5,5,6,11,1,4,0,4,2,4,0,0,0,0,0,0,0,3,1,0,2,1,5,5,4,2,1
2368560,1,4,11,5,11,1,2,0,3,3,1,0,0,1,0,0,0,0,4,2,0,2,0,2,3,1,2,0
3171,0,0,0,1,0,1,0,0,0,0,0,0,0,0,0,0,0,0,0,0,4,2,1,0,0,0,0,0
1726956,1,5,12,6,1,1,0,0,0,0,0,0,0,0,0,0,0,0,0,0,0,2,1,0,0,0,0,0
2296232,0,5,5,6,0,1,3,0,5,3,2,0,0,1,0,0,0,0,4,6,0,2,0,3,5,5,2,1
975730,1,5,12,6,11,2,0,0,0,0,0,0,0,0,0,1,0,0,0,0,0,1,1,0,2,0,0,0
1860423,0,5,5,6,3,1,3,4,3,3,4,0,0,1,0,0,0,0,4,1,4,2,1,5,5,4,2,0
1684088,1,6,13,7,11,1,0,0,0,0,0,0,0,0,1,0,0,0,0,0,0,1,2,0,2,0,0,0
656168,0,6,6,7,2,1,0,0,0,0,0,0,0,1,1,0,1,0,0,0,0,2,1,0,3,0,0,0
1230666,0,3,3,4,1,1,3,0,3,4,1,1,0,0,0,0,0,0,3,5,0,2,1,3,3,2,2,0
2395242,1,5,12,6,11,1,0,0,0,0,0,0,0,0,0,0,0,0,0,0,0,2,0,0,0,0,0,0
1367846,1,6,13,7,1,1,0,0,0,0,0,0,0,1,1,0,0,0,0,0,0,2,1,0,2,0,0,0
1296586,1,6,13,7,1,2,4,0,1,1,1,0,0,1,1,0,1,0,7,1,0,2,1,2,3,2,2,1
1416270,1,3,10,4,2,1,4,0,1,1,1,0,0,1,0,0,0,0,9,1,0,2,2,2,2,1,1,0
1859852,1,4,11,5,11,1,5,0,3,3,1,0,0,0,0,0,0,0,9,3,0,2,0,2,2,1,1,0
1947676,0,4,4,5,1,2,3,0,2,2,3,0,0,0,0,0,0,0,5,6,0,2,0,4,4,6,1,1
888665,1,4,11,5,1,1,2,0,5,5,1,0,0,0,0,0,0,0,8,1,0,2,1,2,2,1,2,0
662060,1,4,11,5,3,1,2,0,3,3,2,0,0,0,0,0,0,0,7,2,0,2,1,3,3,5,2,0
372877,0,3,3,4,1,1,2,0,3,4,2,0,0,0,0,0,0,0,2,6,0,2,1,3,3,3,1,0
443142,1,2,9,3,0,1,0,0,0,0,0,0,0,0,0,1,0,0,0,0,0,1,1,0,2,0,0,0
917363,0,6,6,7,1,1,0,0,0,0,0,0,0,0,1,0,1,0,0,0,4,2,1,0,2,0,0,0
1085572,0,4,4,5,0,1,2,0,3,4,3,0,0,0,0,0,0,0,9,1,0,2,2,4,4,5,2,1
1408046,0,0,0,1,1,2,0,0,0,0,0,0,0,0,0,0,0,0,0,0,0,2,0,0,0,0,0,0
1169998,1,1,8,2,1,2,3,0,1,1,1,0,0,0,0,0,0,0,4,2,0,2,1,2,2,4,1,0
1931129,1,6,13,7,0,1,0,0,0,0,0,0,0,0,1,0,0,0,0,0,0,2,1,0,2,0,0,0
709173,0,3,3,4,11,1,3,0,3,4,2,0,0,0,0,0,0,0,4,6,0,2,2,3,3,1,1,0
345114,0,3,3,4,11,1,5,0,3,3,2,0,0,0,0,0,0,0,9,1,0,2,1,3,3,5,2,0
1112085,1,3,10,4,11,1,2,0,3,3,2,0,0,1,0,0,0,0,9,2,0,2,2,3,3,3,1,0
205802,1,2,9,3,1,1,0,0,0,0,0,0,0,0,0,1,0,0,0,0,0,1,1,0,2,0,0,0
1565396,0,0,0,1,0,1,0,0,0,0,0,0,0,0,0,0,0,0,0,0,0,1,0,0,0,0,0,0
882417,0,4,4,5,0,1,4,0,4,5,4,1,0,1,0,0,0,0,5,1,0,2,1,4,5,3,1,0
1830838,1,3,10,4,1,1,3,0,1,1,1,0,0,0,0,0,0,0,9,3,0,2,1,2,2,4,2,0
670933,1,4,11,5,3,1,0,0,3,0,0,1,0,0,0,0,0,0,9,3,0,1,1,2,2,0,1,0
1452479,0,4,4,5,1,1,0,0,2,5,0,0,1,0,0,0,0,1,1,4,0,2,0,4,4,0,1,0
1254732,1,3,10,4,1,2,2,0,3,1,1,0,0,0,0,0,0,0,9,3,0,2,0,2,2,5,2,0
1767367,0,4,4,5,8,1,4,0,3,3,3,0,0,0,0,0,0,0,9,2,3,2,1,4,4,4,2,0
2418444,0,5,5,6,2,1,3,0,3,3,4,0,0,1,0,0,0,0,4,5,0,2,1,5,5,2,2,1
504853,1,3,10,4,2,2,2,0,3,3,3,0,0,0,0,0,0,0,9,1,0,2,2,4,4,5,1,0
1829866,1,5,12,6,1,2,3,0,3,3,3,0,0,1,0,0,0,0,9,1,0,2,0,4,4,1,2,0
617440,0,0,0,1,1,1,0,0,0,0,0,0,0,0,0,0,0,0,0,0,0,2,2,0,0,0,0,0
1229262,1,6,13,7,0,1,0,0,0,0,0,0,0,1,1,0,0,0,0,0,0,2,2,0,2,0,0,0
2140190,1,3,10,4,11,1,3,0,5,5,2,0,0,0,0,0,0,0,7,2,0,2,1,3,3,6,2,0
1204467,0,4,4,5,11,1,2,0,3,3,2,0,0,0,0,0,0,0,6,6,0,2,2,3,3,4,2,0
2224905,0,0,0,1,1,1,0,0,0,0,0,0,0,0,0,0,0,0,0,0,0,2,1,0,0,0,0,0
701028,0,6,6,7,1,1,0,0,0,0,0,0,0,0,1,0,1,0,3,6,0,2,0,0,3,0,0,0
1956300,0,2,2,3,11,1,5,0,5,3,2,0,0,0,0,0,0,0,9,3,0,2,1,3,3,1,2,0
216057,1,1,8,2,1,2,0,0,0,0,0,0,0,0,0,0,0,0,0,0,0,2,2,0,0,0,0,0
520521,1,2,9,3,11,2,4,0,3,3,3,0,0,0,0,0,0,0,8,2,0,2,2,4,4,4,2,0
1144841,1,2,9,3,9,1,2,0,0,3,0,0,0,0,0,0,0,0,7,2,3,2,1,0,0,5,0,0
2192719,1,2,9,3,11,1,1,0,3,3,1,0,0,0,0,0,0,0,4,6,0,1,1,2,2,5,2,0
980884,0,3,3,4,0,1,2,0,3,3,2,0,0,0,0,0,0,0,4,6,0,2,0,3,3,4,2,0
1811974,1,6,13,7,0,1,0,0,0,0,0,0,0,0,1,1,0,0,0,0,0,2,0,0,2,0,0,0
2199852,0,5,5,6,1,2,0,0,5,0,1,0,0,0,0,0,1,0,4,5,0,2,1,2,2,0,1,1
1487143,0,3,3,4,11,1,3,0,5,5,3,0,0,0,0,0,0,0,4,1,0,2,1,4,4,4,1,0
553552,0,4,4,5,1,2,2,0,4,4,3,0,0,1,0,0,0,0,7,1,0,2,0,4,4,4,2,0
1546840,1,2,9,3,1,2,5,0,1,3,1,0,0,0,0,0,0,0,7,2,0,2,2,2,2,4,1,0
828763,0,0,0,1,1,1,0,0,0,0,0,0,0,0,0,0,0,0,0,0,0,2,0,0,0,0,0,0
2179365,1,4,11,5,1,1,3,0,3,3,1,0,0,0,0,0,0,0,8,2,0,2,3,2,2,4,2,0
1635119,0,1,1,2,1,1,0,0,1,0,1,0,0,0,0,0,0,0,7,3,0,2,1,2,2,0,1,0
1062755,0,5,5,6,1,1,4,0,5,5,3,0,0,0,0,0,0,0,7,2,0,2,1,4,4,2,2,0
1436953,0,4,4,5,1,2,5,0,3,3,1,1,0,1,0,0,0,0,9,3,0,2,1,3,3,2,2,1
712845,0,2,2,3,0,1,5,0,5,1,1,0,0,1,0,0,0,0,9,2,0,2,1,2,2,1,1,0
1144427,1,6,13,7,1,1,4,0,1,1,1,0,0,1,1,0,0,0,8,3,0,2,0,2,3,1,2,0
1255850,0,5,5,6,1,1,0,0,4,0,2,0,0,1,1,0,0,0,4,5,0,2,1,3,3,0,2,1
1197042,1,2,9,3,11,1,3,0,3,3,2,0,0,0,0,0,0,0,10,2,0,2,1,3,3,6,1,0
2165096,0,4,4,5,1,1,5,0,4,4,3,0,0,0,0,0,0,0,7,3,0,2,1,4,4,1,2,0
2362546,1,5,12,6,1,2,0,0,0,0,0,0,0,0,0,0,0,0,8,2,0,2,0,0,0,0,0,0
944946,1,3,10,4,1,2,3,0,2,3,1,0,0,0,0,0,0,0,8,2,0,2,2,2,2,5,1,0
2336754,1,2,9,3,1,1,5,0,2,2,1,0,0,0,0,0,0,0,7,1,0,2,1,2,2,3,1,0
930563,1,6,13,7,2,1,0,0,0,0,0,0,0,1,1,0,0,0,0,0,0,2,0,0,2,0,0,0
1526979,0,2,2,3,1,2,0,0,0,0,0,0,0,0,0,0,0,0,3,5,0,2,1,0,0,0,0,0
2120262,0,4,4,5,0,1,0,0,0,0,0,0,0,0,0,0,0,0,12,8,6,2,1,0,0,0,0,0
552633,1,3,10,4,3,1,0,0,0,0,0,0,0,0,0,0,0,0,0,0,0,1,0,0,0,0,0,0
1970837,0,0,0,1,0,1,0,0,0,0,0,0,0,0,0,0,0,0,0,0,0,2,0,0,0,0,0,0
145487,1,3,10,4,0,1,0,0,3,0,1,0,0,0,0,1,0,0,7,3,0,2,2,2,2,0,1,0
1110161,1,4,11,5,3,1,4,8,3,3,1,0,0,0,0,0,0,0,9,3,4,2,1,2,2,3,2,0
293819,0,3,3,4,1,2,4,0,3,2,2,0,0,1,0,0,0,0,9,3,0,2,2,3,3,2,2,0
1007144,0,6,6,7,1,1,0,0,0,0,0,0,0,0,1,0,0,1,0,0,0,0,1,0,3,0,0,1
288038,1,4,11,5,1,1,4,0,4,4,3,0,0,1,0,0,0,0,9,1,2,2,2,4,4,4,1,0
866440,1,5,12,6,11,1,0,0,0,0,0,0,0,0,1,0,0,0,0,0,0,1,0,0,2,0,0,0
866312,1,4,11,5,1,2,0,0,0,0,0,0,0,0,0,0,0,0,0,0,0,2,1,0,0,0,0,0
418347,0,4,4,5,11,1,1,0,3,3,3,0,0,0,0,0,0,0,9,5,0,2,3,4,4,2,2,0
987508,1,0,7,1,1,2,0,0,0,0,0,0,0,0,0,0,0,0,0,0,0,2,1,0,0,0,0,0
1278097,1,6,13,7,11,1,0,0,3,0,1,0,0,0,1,0,0,0,9,1,0,2,1,2,2,0,1,0
123186,0,3,3,4,1,1,2,0,4,4,3,0,0,1,0,0,0,0,3,5,4,2,1,4,4,3,1,0
1989073,0,0,0,1,1,12,0,0,0,0,0,0,0,0,0,0,0,0,0,0,0,2,3,0,0,0,0,0
2383987,0,0,0,1,1,12,0,0,0,0,0,0,0,0,0,0,0,0,0,0,0,1,0,0,0,0,0,0
2327074,0,0,0,1,3,2,0,0,0,0,0,0,0,0,0,0,0,0,0,0,0,2,1,0,0,0,0,0
459524,1,0,7,1,1,2,0,0,0,0,0,0,0,0,0,0,0,0,0,0,0,1,1,0,0,0,0,0
1316869,0,3,3,4,1,2,1,0,3,3,3,0,0,0,0,0,0,0,4,6,0,2,0,4,4,5,2,0
1002296,1,3,10,4,3,1,0,2,0,0,0,0,0,0,1,0,0,0,0,0,1,1,2,0,2,0,0,0
2358917,1,3,10,4,1,1,3,0,3,3,1,0,0,0,0,0,0,0,9,2,0,2,2,2,2,4,2,1
2132945,1,2,9,3,1,12,4,0,3,3,1,0,0,0,0,0,0,0,9,2,0,2,2,2,2,4,1,0
1388872,1,2,9,3,1,2,0,0,3,0,2,0,0,0,0,0,0,0,8,6,0,2,2,3,3,0,2,0
1737727,0,0,0,1,11,1,0,0,0,0,0,0,0,0,0,0,0,0,0,0,0,1,1,0,0,0,0,0
1773028,1,2,9,3,1,1,3,0,5,5,3,0,0,0,0,0,0,0,8,1,0,2,2,4,4,5,2,0
1396448,0,0,0,1,11,1,0,0,0,0,0,0,0,0,0,0,0,0,0,0,0,2,0,0,0,0,0,0
978803,0,3,3,4,11,1,2,0,5,5,2,0,0,0,0,0,0,0,10,2,0,2,2,3,3,3,2,2
1913042,1,2,9,3,1,1,5,0,2,2,1,0,0,0,0,0,0,0,7,3,0,2,1,2,2,2,1,0
2156802,1,3,10,4,1,12,0,0,0,0,0,0,0,0,0,0,0,0,0,0,0,2,1,0,0,0,0,0
823793,1,0,7,1,1,10,0,0,0,0,0,0,0,0,0,0,0,0,0,0,0,2,1,0,0,0,0,0
1050611,0,2,2,3,1,1,5,0,5,5,0,0,0,1,0,0,0,0,7,1,2,2,1,0,2,1,2,0
1994577,1,0,7,1,1,1,0,0,0,0,0,0,0,0,0,0,0,0,0,0,0,2,1,0,0,0,0,0
1638357,0,2,2,3,1,2,5,0,3,3,3,0,0,1,0,0,0,0,5,5,0,2,2,4,4,5,2,1
1374400,0,0,0,1,11,1,0,0,0,0,0,0,0,0,0,0,0,0,0,0,0,1,0,0,0,0,0,0
380906,1,3,10,4,1,2,5,0,2,2,1,0,0,0,0,0,0,0,9,3,0,1,1,2,2,2,1,0
1704401,1,6,13,7,1,1,0,0,0,0,0,0,0,1,0,0,0,0,0,0,0,2,0,0,3,0,0,1
2034784,1,5,12,6,0,1,2,0,4,3,1,0,0,0,0,0,0,0,7,6,0,2,1,2,2,2,1,0
339368,1,3,10,4,6,1,4,0,3,3,2,0,0,0,0,0,0,0,9,2,2,2,1,3,3,2,2,0
327906,0,0,0,1,1,2,0,0,0,0,0,0,0,0,0,0,0,0,0,0,0,2,1,0,0,0,0,0
1403553,1,1,8,2,1,1,0,0,0,0,0,0,0,0,0,0,0,0,0,0,0,2,0,0,0,0,0,0
155065,0,0,0,1,3,2,0,9,0,0,0,0,0,0,0,0,0,0,0,0,0,2,1,0,0,0,0,0
1022629,1,5,12,6,11,1,0,0,0,0,0,0,0,0,0,0,1,0,0,0,0,2,0,0,2,0,0,0
641215,1,2,9,3,0,1,0,0,2,0,1,0,0,0,0,0,0,0,8,2,0,0,1,2,2,0,1,0
1456644,0,0,0,1,1,2,0,0,0,0,0,0,0,0,0,0,0,0,0,0,0,2,3,0,0,0,0,0
325079,1,2,9,3,2,2,0,0,3,0,1,0,0,1,0,0,0,0,7,6,0,0,1,2,2,0,1,0
419244,1,2,9,3,1,1,3,0,3,4,1,0,0,1,0,0,0,0,6,1,0,2,2,2,2,5,1,0
1020904,1,6,13,7,1,1,0,0,0,0,0,0,0,0,1,1,0,0,0,0,0,1,2,0,2,0,0,0
1321467,0,3,3,4,1,2,2,0,1,3,1,0,0,0,0,0,0,0,9,3,0,2,1,2,2,5,1,0
309233,0,5,5,6,1,2,4,0,2,3,4,0,0,0,0,0,0,0,9,1,0,2,1,5,5,3,2,1
1453728,0,4,4,5,1,1,1,0,5,5,4,0,0,1,0,0,0,0,5,2,0,2,1,5,5,3,2,2
2251955,0,6,6,7,2,1,4,0,0,5,0,0,0,0,1,0,0,0,8,5,0,1,2,0,2,4,0,1
2358723,0,2,2,3,3,1,2,0,5,4,1,0,0,0,0,0,0,0,8,6,6,2,1,2,2,6,2,0
76925,1,6,13,7,11,1,0,0,0,0,0,0,0,0,1,0,0,0,8,3,0,2,1,0,2,0,0,0
1795522,0,3,3,4,1,2,2,0,4,5,2,1,0,1,0,0,0,0,4,2,0,2,0,3,3,5,2,0
1550238,1,1,8,2,11,1,0,0,0,0,0,0,0,0,0,0,0,0,0,0,0,2,1,0,0,0,0,0
2246892,1,0,7,1,8,1,0,0,0,0,0,0,0,0,0,0,0,0,0,0,0,2,1,0,0,0,0,0
983072,0,5,5,6,1,2,3,0,5,5,4,0,0,1,0,0,0,0,5,1,0,2,1,5,5,5,2,0
1331016,0,0,0,1,1,2,0,0,0,0,0,0,0,0,0,0,0,0,0,0,0,2,1,0,0,0,0,0
1839002,0,3,3,4,1,3,3,0,3,3,3,0,0,1,0,0,0,0,4,1,0,2,1,4,4,3,2,0
1004556,1,3,10,4,0,1,3,0,5,5,0,1,0,1,0,0,0,0,9,3,0,2,1,2,2,1,2,0
242325,0,3,3,4,11,1,3,0,2,2,2,0,0,0,0,1,0,0,9,6,0,2,2,3,3,5,2,0
2191405,0,6,6,7,1,1,0,0,0,0,0,0,0,1,1,0,1,0,0,0,0,2,2,0,3,0,0,1
859755,0,0,0,1,3,1,0,2,0,0,0,0,0,0,0,0,0,0,0,0,0,1,1,0,0,0,0,0
280011,1,6,13,7,2,1,0,0,0,0,0,0,0,1,1,0,0,0,0,0,0,2,1,0,3,0,0,0
1492390,1,5,12,6,1,1,3,0,4,4,2,0,0,1,0,0,0,0,4,1,0,2,0,3,3,4,2,0
24714,0,1,1,2,1,12,0,0,2,0,1,0,0,0,0,0,0,0,3,6,0,2,0,2,2,0,1,0
1044537,1,1,8,2,1,3,5,0,2,2,1,0,0,0,0,0,0,0,7,3,0,2,0,2,2,1,2,0
2328020,1,5,12,6,2,1,0,0,0,0,0,0,0,0,1,0,0,0,0,0,0,2,0,0,2,0,0,0
652983,0,3,3,4,1,1,0,0,1,1,0,1,0,0,0,0,0,0,5,6,0,2,2,1,1,0,2,0
1928722,1,3,10,4,11,1,0,0,0,0,0,0,0,0,0,0,0,0,0,0,0,2,2,0,0,0,0,0
975158,1,1,8,2,0,1,1,0,1,3,1,0,0,0,0,0,0,0,8,3,0,2,1,2,2,5,1,0
475398,1,5,12,6,11,1,0,0,3,0,1,0,0,0,0,0,0,0,9,1,0,2,1,2,2,0,1,0
628986,1,1,8,2,1,1,0,0,0,0,0,0,0,0,0,0,0,0,7,3,0,2,2,0,0,0,0,0
2043099,0,4,4,5,1,1,2,0,4,5,2,0,0,1,0,0,0,0,5,6,0,2,3,3,3,4,2,1
643351,0,6,6,7,0,1,0,0,0,0,0,0,0,0,1,0,1,0,0,0,0,2,0,0,2,0,0,0
2164164,0,0,0,1,0,1,0,0,0,0,0,0,0,0,0,0,0,0,0,0,0,1,2,0,0,0,0,0
960663,0,0,0,1,1,4,0,0,0,0,0,0,0,0,0,0,0,0,0,0,0,1,1,0,0,0,0,0
282200,1,4,11,5,1,1,4,0,4,4,2,0,0,0,0,0,0,0,8,3,0,2,1,3,3,1,2,0
575986,1,6,13,7,2,1,0,0,0,0,0,0,0,0,1,0,0,0,0,0,0,2,2,0,2,0,0,0
91949,0,4,4,5,1,1,4,0,4,4,2,0,0,0,0,0,0,0,9,1,0,2,0,3,3,1,2,0
460303,0,6,6,7,1,1,0,0,0,0,0,0,0,0,1,0,0,0,0,0,0,2,0,0,2,0,0,1
1627758,0,4,4,5,11,1,5,0,4,4,2,0,0,0,0,0,0,0,4,2,0,2,1,3,3,4,1,1
529106,1,1,8,2,11,1,0,0,0,0,0,0,0,0,0,0,0,0,0,0,0,1,1,0,0,0,0,0
2086646,1,4,11,5,1,2,3,0,4,5,2,0,0,0,0,0,0,0,5,2,0,2,1,3,3,3,2,0
1876233,1,1,8,2,11,1,0,0,0,0,0,0,0,0,0,0,0,0,0,0,0,2,1,0,0,0,0,0
107890,0,1,1,2,1,2,0,0,0,0,0,0,0,0,0,0,0,0,0,0,0,2,1,0,0,0,0,0
1927705,1,1,8,2,11,1,0,0,0,0,0,0,0,0,0,0,0,0,0,0,0,2,2,0,0,0,0,0
478272,1,5,12,6,1,2,4,0,5,5,3,0,0,1,0,0,0,0,8,2,0,2,1,4,4,2,1,0
1598647,1,4,11,5,1,3,5,0,3,3,2,0,0,1,0,0,0,0,7,2,0,2,1,3,3,2,2,0
530039,1,5,12,6,1,1,1,0,2,2,2,0,0,0,0,0,1,0,9,1,0,2,1,3,3,5,2,0
872144,0,1,1,2,1,1,0,0,0,0,0,0,0,0,0,0,0,0,0,0,0,2,0,0,0,0,0,0
24174,0,6,6,7,1,1,0,0,0,0,0,0,0,1,0,1,1,0,0,0,0,2,1,0,3,0,0,1
2232609,1,1,8,2,3,1,5,2,1,1,1,0,0,0,0,0,0,0,7,2,1,2,0,2,2,2,1,0
1185861,1,1,8,2,3,1,0,0,0,0,0,0,0,0,0,0,0,0,0,0,0,2,1,0,0,0,0,0
1747404,0,1,1,2,1,1,0,0,2,0,1,0,0,1,0,0,0,0,7,3,0,0,2,2,2,0,1,0
896504,0,5,5,6,11,1,0,0,0,0,0,0,0,0,0,1,0,0,0,0,0,1,2,0,2,0,0,0
2332792,0,0,0,1,1,1,0,0,0,0,0,0,0,0,0,0,0,0,0,0,0,2,1,0,0,0,0,0
88429,0,3,3,4,1,2,2,0,4,2,2,0,0,0,0,0,0,0,9,1,0,2,3,3,3,3,2,0
828161,1,6,13,7,1,1,0,0,0,0,0,0,0,0,1,0,0,0,0,0,0,1,0,0,2,0,0,0
1753811,0,3,3,4,0,1,5,0,3,3,3,1,0,0,0,0,0,0,10,1,0,2,1,4,4,4,2,1
863752,1,4,11,5,1,2,2,0,5,5,4,0,0,1,0,0,0,0,8,1,0,2,2,5,5,5,2,0
2096455,0,0,0,1,0,1,0,0,0,0,0,0,0,0,0,0,0,0,0,0,0,2,1,0,0,0,0,0
1771205,1,0,7,1,0,1,0,0,0,0,0,0,0,0,0,0,0,0,0,0,0,1,1,0,0,0,0,0
618033,0,6,6,7,1,2,0,0,0,0,0,0,0,1,1,0,0,0,0,0,0,2,1,0,2,0,0,0
2138267,0,3,3,4,1,1,2,0,3,3,3,0,0,0,0,0,0,0,4,2,0,2,1,4,4,5,2,0
1868924,1,0,7,1,1,2,0,0,0,0,0,0,0,0,0,0,0,0,0,0,0,2,1,0,0,0,0,0
1853505,1,2,9,3,0,1,5,0,3,1,1,0,0,0,0,0,0,0,7,2,0,1,1,2,2,4,1,0
1636481,0,1,1,2,1,2,0,0,0,0,0,0,0,0,0,0,0,0,0,0,0,2,1,0,0,0,0,0
2053718,0,4,4,5,0,1,0,0,0,0,0,0,0,0,0,0,0,1,5,6,0,0,3,0,3,0,0,0
1400637,1,3,10,4,1,12,0,0,0,0,0,0,0,1,0,0,0,0,0,0,0,2,0,0,2,0,0,0
2404032,0,0,0,1,1,2,0,0,0,0,0,0,0,0,0,0,0,0,0,0,0,2,0,0,0,0,0,0
2218591,1,3,10,4,11,1,3,0,3,3,2,0,0,0,0,1,0,0,10,2,0,2,2,3,3,4,2,0
297495,1,6,13,7,6,1,0,0,0,0,0,0,0,0,1,1,0,1,0,0,3,1,2,0,2,0,0,0
2150381,0,6,6,7,1,1,0,0,3,0,1,0,0,0,0,0,0,0,3,1,0,1,1,2,2,0,1,1
1497835,0,3,3,4,1,1,4,0,3,3,3,0,0,0,0,0,0,0,3,1,0,2,2,4,4,5,2,0
623373,1,0,7,1,0,1,0,0,0,0,0,0,0,0,0,0,0,0,0,0,3,2,0,0,0,0,0,0
1449060,0,2,2,3,1,2,4,0,3,3,2,0,0,0,0,0,0,0,3,5,0,2,2,3,3,5,1,0
2104502,0,6,6,7,3,1,0,0,0,0,0,0,0,0,1,1,0,0,0,0,0,1,1,0,2,0,0,0
2361484,0,4,4,5,1,1,4,0,0,5,0,0,0,0,0,0,0,1,7,5,0,2,1,0,3,2,0,1
1139352,1,0,7,1,1,2,0,0,0,0,0,0,0,0,0,0,0,0,0,0,0,2,1,0,0,0,0,0
1044541,0,5,5,6,1,2,2,0,4,4,4,0,0,1,0,0,0,0,8,1,0,2,0,5,5,5,2,0
518351,0,4,4,5,1,2,5,0,3,3,3,0,0,0,0,0,0,0,4,6,0,2,0,4,4,5,2,0
784126,0,5,5,6,1,2,5,0,3,3,3,0,0,1,0,0,0,0,5,2,0,2,0,4,4,5,2,1
1476612,0,5,5,6,3,1,1,0,3,3,3,0,0,1,0,0,0,0,4,1,0,2,1,4,4,5,2,1
153422,0,3,3,4,2,1,2,0,3,5,0,1,0,1,0,0,0,0,9,1,0,2,2,2,3,4,2,0
1196736,1,3,10,4,3,1,4,0,2,2,1,0,0,0,0,0,0,0,9,2,0,2,2,2,2,2,2,0
1545673,1,1,8,2,1,1,0,0,0,0,0,0,0,0,0,0,0,0,0,0,0,1,1,0,0,0,0,0
1339843,1,2,9,3,1,1,0,0,0,0,0,0,0,0,0,1,0,0,0,0,0,2,1,0,2,0,0,0
1897252,0,0,0,1,1,1,0,0,0,0,0,0,0,0,0,0,0,0,0,0,0,2,0,0,0,0,0,0
2393525,0,1,1,2,11,1,0,0,0,0,0,0,0,0,0,0,0,0,0,0,0,2,1,0,0,0,0,0
1423111,1,5,12,6,1,1,4,0,3,2,1,0,0,0,0,0,0,0,9,1,2,2,1,2,2,3,2,0
1718715,0,6,6,7,1,1,0,0,0,0,0,0,0,1,1,0,0,0,0,0,0,2,1,0,2,0,0,0
287082,1,3,10,4,1,1,3,0,2,1,2,0,0,1,0,0,0,0,9,2,0,2,1,3,3,5,2,0
1739893,0,3,3,4,2,3,2,0,5,5,4,0,0,1,0,0,0,0,4,1,0,2,2,5,5,5,2,0
1756480,1,1,8,2,1,1,0,0,0,0,0,0,0,0,0,1,0,0,0,0,0,2,1,0,2,0,0,0
723251,0,3,3,4,1,1,2,0,3,3,3,0,0,0,0,0,0,0,10,1,0,2,1,4,4,4,1,0
686076,0,4,4,5,1,1,5,0,3,3,3,0,0,0,0,0,0,0,5,6,0,2,1,4,4,5,2,0
2071027,0,5,5,6,3,1,0,2,3,0,1,0,0,1,0,0,0,0,3,6,1,2,1,2,3,0,2,0
172505,0,6,6,7,1,1,0,0,1,0,1,0,0,1,1,0,0,0,7,2,0,2,2,2,2,0,1,1
1642841,1,2,9,3,9,1,3,0,3,3,1,0,0,0,0,0,0,0,8,1,3,2,2,2,2,5,2,0
1766254,1,5,12,6,1,1,5,0,1,1,1,0,0,0,0,0,0,0,9,1,0,2,1,2,2,3,1,0
2207544,1,1,8,2,1,2,5,0,1,3,1,0,0,0,0,0,0,0,7,1,0,2,2,2,2,1,2,0
2359,0,6,6,7,1,2,0,0,0,0,0,0,0,0,1,0,0,0,0,0,0,2,1,0,2,0,0,0
1570093,0,5,5,6,1,2,4,0,2,2,2,1,0,1,0,0,0,0,8,2,0,2,1,4,4,4,1,1
2110795,1,3,10,4,1,2,3,0,3,3,2,0,0,0,0,0,0,1,7,2,0,2,2,3,3,5,1,0
1150027,0,2,2,3,0,1,3,0,1,1,1,0,0,0,0,0,0,0,9,1,6,2,2,2,2,5,1,0
51132,0,3,3,4,1,1,0,0,3,0,1,0,0,0,0,1,0,0,3,5,0,2,1,2,2,0,1,0
260487,0,2,2,3,1,2,4,0,2,1,1,0,0,0,0,1,0,0,7,6,0,2,1,2,2,4,1,0
1937492,1,5,12,6,0,1,0,0,5,3,1,1,0,0,0,0,0,0,9,3,0,2,2,3,3,0,2,0
1721507,1,5,12,6,2,1,0,0,1,0,1,0,0,1,0,0,0,0,7,2,0,2,1,2,2,0,1,0
1847869,1,3,10,4,1,12,4,0,3,3,3,0,0,0,0,0,0,0,5,1,0,2,3,4,4,2,2,0
283517,1,0,7,1,1,1,0,0,0,0,0,0,0,0,0,0,0,0,0,0,0,2,1,0,0,0,0,0
951637,1,4,11,5,11,1,5,0,2,2,2,0,0,0,0,0,0,0,4,6,0,2,1,3,3,2,2,0
2248284,0,2,2,3,3,1,2,3,1,3,1,0,0,0,0,0,0,0,8,2,4,2,2,2,2,5,1,0
1439014,1,0,7,1,0,1,0,0,0,0,0,0,0,0,0,0,0,0,0,0,0,2,1,0,0,0,0,0
677756,1,4,11,5,9,1,0,0,0,0,0,0,0,0,0,0,0,0,0,0,3,2,2,0,0,0,0,0
977093,1,0,7,1,11,1,0,0,0,0,0,0,0,0,0,0,0,0,0,0,0,2,1,0,0,0,0,0
2302123,1,3,10,4,0,1,2,0,3,3,1,0,0,0,0,0,0,0,9,2,0,2,2,2,2,4,2,0
266838,0,0,0,1,3,1,0,0,0,0,0,0,0,0,0,0,0,0,0,0,0,2,1,0,0,0,0,0
2017784,1,5,12,6,1,1,0,0,0,0,0,0,0,0,0,0,0,0,4,2,0,2,1,0,0,0,0,0
940677,0,3,3,4,1,2,4,0,3,3,0,1,0,0,0,0,0,0,9,1,0,2,0,3,3,5,2,0
977618,1,5,12,6,11,1,3,0,4,4,2,0,0,0,0,0,0,0,7,2,0,2,1,3,3,4,2,0
2025365,0,5,5,6,1,2,4,0,1,1,0,1,0,1,1,0,0,0,4,5,0,2,0,2,3,4,1,1
804169,0,0,0,1,1,1,0,0,0,0,0,0,0,0,0,0,0,0,0,0,0,2,1,0,0,0,0,0
780724,0,5,5,6,3,1,4,0,3,5,3,0,0,1,0,0,0,0,9,1,0,2,1,4,4,2,2,1
1021720,1,2,9,3,11,1,0,0,0,0,0,0,0,0,0,0,0,0,7,2,0,2,2,0,0,0,0,0
2354319,0,2,2,3,1,1,2,0,5,5,2,0,0,0,0,0,0,0,8,1,0,2,2,3,3,2,2,1
550630,1,4,11,5,1,2,3,0,1,1,1,0,0,0,0,0,0,0,9,2,0,2,2,2,2,4,1,0
242381,1,5,12,6,1,2,0,0,0,0,0,0,0,0,0,0,0,0,0,0,0,2,0,0,0,0,0,0
356234,1,6,13,7,11,1,0,0,0,0,0,0,0,0,1,0,0,0,1,4,0,1,1,0,2,0,0,0
1830303,0,5,5,6,11,1,4,0,5,3,3,0,0,0,0,0,0,0,10,3,0,2,0,4,4,2,2,0
1794658,1,6,13,7,1,1,0,0,0,0,0,0,0,0,1,0,0,0,0,0,0,2,0,0,2,0,0,0
2421072,0,0,0,1,11,1,0,0,0,0,0,0,0,0,0,0,0,0,0,0,0,2,1,0,0,0,0,0
410986,0,3,3,4,0,1,3,0,3,3,3,0,0,0,0,0,0,0,3,1,0,2,1,4,4,6,2,0
1699997,0,6,6,7,2,1,0,0,2,1,0,0,1,1,1,0,0,0,1,4,0,2,1,1,3,0,2,0
1078762,1,3,10,4,1,1,0,0,1,0,2,0,0,0,0,0,0,0,8,2,0,2,2,3,3,0,2,0
1749893,1,4,11,5,11,1,0,0,0,0,0,0,0,0,0,0,0,0,0,0,0,2,2,0,0,0,0,0
1364345,0,1,1,2,11,1,3,0,3,3,1,0,0,0,0,0,0,0,4,5,0,2,1,2,2,4,1,0
1781093,0,2,2,3,1,1,3,0,5,5,3,1,0,1,0,0,0,0,8,5,0,2,1,4,4,5,2,0
720020,0,3,3,4,1,2,2,0,4,3,2,0,0,1,0,0,0,0,3,5,0,2,0,3,3,1,2,0
1232406,1,6,13,7,1,2,3,0,3,3,1,0,0,0,1,0,0,0,8,3,0,2,0,2,2,1,1,0
704227,0,0,0,1,11,1,0,0,0,0,0,0,0,0,0,0,0,0,0,0,0,2,1,0,0,0,0,0
799343,0,2,2,3,11,1,0,0,3,0,1,0,0,0,0,0,0,0,7,2,0,0,2,2,2,0,2,0
1053307,0,2,2,3,3,1,5,9,4,4,3,0,0,1,0,0,0,0,5,1,0,2,1,4,4,5,2,0
1953837,0,5,5,6,2,2,3,0,3,3,4,0,0,1,0,0,0,0,4,1,0,2,1,5,5,5,2,1
1925885,1,2,9,3,9,1,3,0,2,3,1,0,0,0,0,0,0,0,8,3,0,2,1,2,2,3,1,0
113735,1,6,13,7,2,1,0,0,0,0,0,0,0,0,1,0,0,0,0,0,0,2,2,0,2,0,0,0
484102,1,3,10,4,1,2,3,0,3,3,2,0,0,0,0,0,0,0,8,1,0,2,2,3,3,2,2,0
127973,0,2,2,3,1,1,2,0,3,3,1,0,0,0,0,0,0,0,6,3,0,2,1,2,2,3,2,0
1779812,1,0,7,1,1,2,0,0,0,0,0,0,0,0,0,0,0,0,0,0,0,2,0,0,0,0,0,0
795679,1,5,12,6,1,1,0,0,0,0,0,0,0,0,0,0,0,0,0,0,0,2,2,0,0,0,0,0
494307,0,6,6,7,1,1,0,0,0,0,0,0,0,1,1,0,1,0,0,0,0,2,0,0,3,0,0,0
2171135,0,2,2,3,11,1,1,0,3,5,1,0,0,1,0,0,0,0,11,7,0,0,1,2,2,1,2,1
2071785,0,5,5,6,1,1,2,0,3,3,2,0,0,0,0,0,0,0,8,2,0,2,0,3,3,6,2,1
5580,0,4,4,5,1,2,2,0,5,5,3,0,0,0,0,0,0,0,4,5,0,2,1,4,4,5,2,0
2059256,1,6,13,7,1,1,0,9,0,0,0,0,0,0,1,1,0,0,0,0,0,2,1,0,2,0,0,0
1356191,0,2,2,3,0,1,0,0,5,0,2,0,0,0,0,0,0,0,7,5,0,2,1,3,3,0,2,0
2293020,1,2,9,3,3,1,5,4,3,3,1,0,0,0,0,0,0,0,9,2,0,2,1,2,2,1,1,0
275303,0,1,1,2,3,1,0,3,0,0,0,0,0,0,0,0,0,0,0,0,4,1,1,0,0,0,0,0
1499220,1,0,7,1,1,1,0,0,0,0,0,0,0,0,0,0,0,0,0,0,0,2,2,0,0,0,0,0
777098,0,5,5,6,0,1,5,0,4,4,3,0,0,0,0,0,0,0,5,1,0,2,2,4,4,3,2,2
105973,0,6,6,7,0,1,3,0,2,3,1,0,0,0,0,0,0,0,7,6,0,1,1,2,2,5,1,0
742498,1,6,13,7,1,1,0,0,0,0,0,0,0,1,1,0,0,0,0,0,0,2,1,0,2,0,0,0
1807647,0,3,3,4,11,1,0,0,3,0,1,0,0,0,0,0,0,0,3,5,0,1,2,2,2,0,1,0
1434629,0,1,1,2,11,1,0,0,0,0,0,0,0,0,1,0,0,0,0,0,0,1,1,0,2,0,0,0
1053864,1,3,10,4,11,1,0,0,2,0,1,0,0,0,0,1,0,0,7,3,0,1,1,2,2,0,1,0
2077190,0,2,2,3,11,1,2,0,3,3,2,0,0,1,0,0,0,0,4,5,0,2,2,3,3,4,1,1
1919003,1,6,13,7,11,1,0,0,0,0,0,0,0,0,1,0,0,1,0,0,0,2,2,0,2,0,0,0
741276,1,5,12,6,8,1,0,0,3,0,2,0,0,0,0,0,0,0,9,2,3,2,1,3,3,0,2,0
165203,0,1,1,2,11,1,0,0,0,0,0,0,0,0,0,0,0,0,0,0,0,2,0,0,0,0,0,0
1498560,0,5,5,6,0,1,5,0,3,5,3,0,0,0,0,0,0,0,4,5,0,2,1,4,4,2,2,1
1236417,0,6,6,7,1,1,0,0,0,0,0,0,0,1,1,0,1,0,0,0,0,2,1,0,3,0,0,0
844029,0,4,4,5,0,1,2,0,3,3,3,0,0,1,0,0,0,1,9,1,0,2,1,4,4,4,2,2
2328349,1,4,11,5,1,1,2,0,3,3,1,0,0,1,0,0,0,0,8,2,0,2,1,2,2,5,1,0
769394,0,3,3,4,2,2,4,0,4,4,3,0,0,0,0,0,0,0,6,2,0,2,1,4,4,4,1,1
87837,0,2,2,3,11,1,0,0,3,0,2,0,0,0,0,0,0,1,3,6,0,2,1,3,3,0,1,0
2002385,1,5,12,6,0,1,2,2,2,2,1,0,0,0,0,0,0,0,9,2,1,2,1,2,2,5,1,0
2044348,1,5,12,6,1,1,0,0,0,0,0,0,0,1,1,0,1,0,0,0,0,2,1,0,3,0,0,0
2382324,1,6,13,7,1,1,0,0,0,0,0,0,0,0,1,0,0,0,0,0,0,1,2,0,2,0,0,0
1643629,0,0,0,1,11,1,0,0,0,0,0,0,0,0,0,0,0,0,0,0,0,1,1,0,0,0,0,0
808796,1,5,12,6,1,1,0,0,0,0,0,0,0,0,0,0,0,0,0,0,0,2,1,0,0,0,0,0
2065357,1,2,9,3,1,1,2,0,3,3,2,0,0,1,0,0,0,0,7,2,0,2,1,3,3,3,2,0
1917403,0,2,2,3,3,1,2,0,2,3,1,0,0,0,0,0,0,0,7,3,0,2,1,2,2,5,1,0
828614,1,2,9,3,11,1,3,0,3,3,2,0,0,0,0,0,0,0,8,2,0,2,1,3,3,4,1,0
2120093,0,2,2,3,1,1,1,0,3,4,3,0,0,1,0,0,0,0,3,1,0,2,1,4,4,2,2,0
2293980,0,5,5,6,1,1,0,0,0,0,0,0,0,0,1,0,0,1,0,0,0,2,0,0,2,0,0,1
1423541,1,2,9,3,1,2,2,0,3,4,2,0,0,1,0,0,0,0,4,2,0,2,1,3,3,3,1,0
695404,1,2,9,3,1,2,0,0,0,0,0,0,0,0,0,1,0,0,0,0,0,2,1,0,2,0,0,0
1595050,1,0,7,1,11,1,0,0,0,0,0,0,0,0,0,0,0,0,0,0,0,1,3,0,0,0,0,0
1606922,1,4,11,5,1,1,4,0,1,1,1,0,0,0,0,0,0,0,9,2,0,2,2,2,2,4,1,0
240761,0,5,5,6,1,1,4,0,5,5,4,0,0,1,0,0,0,0,4,1,0,2,2,5,5,2,2,1
1694661,1,5,12,6,3,1,4,6,2,3,2,0,0,1,0,0,0,1,7,1,4,2,0,3,3,2,2,0
534758,0,2,2,3,1,1,2,0,3,3,2,0,0,0,0,0,0,0,7,5,0,2,1,3,3,4,2,0
682900,0,3,3,4,1,1,1,0,3,4,3,0,0,1,0,0,0,0,2,5,0,2,1,4,4,6,2,1
1640272,1,6,13,7,2,1,0,0,0,0,0,0,0,1,1,0,0,0,0,0,2,2,1,0,2,0,0,0
472365,0,0,0,1,11,1,0,0,0,0,0,0,0,0,0,0,0,0,0,0,0,1,1,0,0,0,0,0
1599277,1,5,12,6,3,1,0,0,5,0,1,0,0,0,0,0,0,1,5,3,4,2,1,2,2,0,1,0
661596,1,1,8,2,11,1,0,0,0,0,0,0,0,0,0,0,0,0,0,0,0,2,3,0,0,0,0,0
1567086,1,3,10,4,0,1,4,0,4,3,1,0,0,1,0,0,0,1,8,2,0,2,1,2,3,5,2,0
1481343,0,6,6,7,1,1,0,0,0,0,0,0,0,1,1,0,1,0,9,6,0,2,0,0,2,0,0,0
1339521,1,1,8,2,11,1,0,0,0,0,0,0,0,0,0,1,0,0,0,0,0,2,1,0,2,0,0,0
1934048,0,4,4,5,1,1,4,0,5,5,3,0,0,0,0,0,0,0,9,1,0,2,2,4,4,3,2,2
1113120,0,2,2,3,0,1,3,0,3,5,2,0,0,0,0,0,0,1,3,5,0,2,1,3,3,5,2,0
2091782,1,3,10,4,1,2,4,0,5,5,2,0,0,0,0,0,0,0,7,2,0,2,1,3,3,4,2,0
2005277,0,4,4,5,3,1,3,0,3,3,2,0,0,1,0,0,0,0,5,2,0,2,1,3,3,1,2,1
1725761,1,0,7,1,11,1,0,0,0,0,0,0,0,0,0,0,0,0,0,0,0,1,1,0,0,0,0,0
1068048,0,4,4,5,2,1,0,0,3,0,1,0,0,0,0,0,0,0,4,6,0,2,1,2,2,0,2,0
1478242,0,5,5,6,1,2,4,0,3,5,3,1,0,1,0,0,0,0,10,1,0,2,2,4,4,4,2,0
1919909,0,0,0,1,11,1,0,0,0,0,0,0,0,0,0,0,0,0,0,0,0,2,0,0,0,0,0,0
625541,0,3,3,4,0,1,4,0,3,3,2,0,0,0,0,0,0,0,3,5,0,2,0,3,3,1,2,1
1659839,0,5,5,6,0,1,2,0,4,4,1,0,0,0,0,0,0,0,7,2,0,2,1,2,2,2,1,0
1622031,0,3,3,4,2,1,0,0,3,2,3,0,0,1,0,0,0,0,9,1,0,2,2,4,4,0,2,0
862150,1,0,7,1,1,2,0,0,0,0,0,0,0,0,0,0,0,0,0,0,0,2,1,0,0,0,0,0
1919172,0,6,6,7,1,2,0,0,0,0,0,0,0,1,1,0,1,0,0,0,0,2,1,0,3,0,0,1
779682,1,2,9,3,1,2,0,0,3,0,1,0,0,0,0,1,0,0,7,2,0,2,2,2,2,0,1,0
1845798,0,0,0,1,2,2,0,0,0,0,0,0,0,0,0,0,0,0,0,0,0,2,2,0,0,0,0,0
657397,1,4,11,5,1,1,3,0,3,2,1,0,0,1,0,0,0,0,9,2,0,2,1,2,2,2,2,0
645231,1,3,10,4,1,1,3,0,2,2,1,0,0,0,0,0,0,0,7,6,0,2,0,2,2,1,2,0
241891,0,5,5,6,1,2,4,0,3,3,3,0,0,1,0,0,0,0,6,2,0,2,1,4,4,4,1,0
1076006,1,3,10,4,1,1,3,0,0,3,0,0,0,0,0,0,0,0,9,2,0,2,2,0,0,2,0,0
1937893,1,2,9,3,0,1,5,0,1,1,1,0,0,0,0,0,0,0,7,2,0,2,2,2,2,1,2,0
681234,1,0,7,1,1,2,0,0,0,0,0,0,0,0,0,0,0,0,0,0,0,2,1,0,0,0,0,0
630487,0,4,4,5,0,1,3,0,3,3,2,0,0,1,0,0,0,0,9,1,0,2,1,3,3,4,1,1
681353,0,6,6,7,1,2,0,0,0,0,0,0,0,1,1,0,1,0,10,5,0,2,1,0,3,0,0,1
537093,0,3,3,4,1,1,3,0,3,5,4,1,0,0,0,0,0,0,10,3,0,2,2,5,5,3,2,2
2184965,0,0,0,1,11,1,0,0,0,0,0,0,0,0,0,0,0,0,0,0,0,2,2,0,0,0,0,0
481175,0,4,4,5,1,3,3,0,5,1,0,1,0,0,0,0,0,0,9,1,0,2,2,5,5,4,2,1
384192,0,0,0,1,1,1,0,0,0,0,0,0,0,0,0,0,0,0,0,0,0,2,0,0,0,0,0,0
1965913,0,4,4,5,3,2,0,1,3,5,0,1,0,0,0,0,0,0,4,1,5,1,1,1,1,0,1,0
2300935,0,4,4,5,11,1,4,0,0,5,0,0,0,0,0,0,0,0,8,2,0,1,2,0,0,6,0,2
78857,1,4,11,5,11,1,5,0,3,3,1,0,0,1,0,0,0,1,4,6,0,2,1,2,2,4,1,0
2202029,0,4,4,5,11,1,2,0,5,5,3,0,0,0,0,0,0,0,8,1,0,2,2,4,4,5,1,0
1181953,0,3,3,4,1,1,3,0,5,5,4,0,0,1,0,0,0,0,4,1,0,2,1,5,5,1,2,0
379,1,0,7,1,11,2,0,0,0,0,0,0,0,0,0,0,0,0,0,0,0,2,0,0,0,0,0,0
2423821,1,3,10,4,1,1,2,0,2,2,1,0,0,0,0,0,0,0,9,3,0,2,1,2,2,5,1,0
643792,1,2,9,3,1,2,5,0,2,2,2,0,0,0,0,0,0,0,9,2,0,2,0,3,3,3,2,0
1772993,0,2,2,3,11,1,0,0,5,0,1,0,0,0,0,1,0,0,8,3,0,2,2,2,2,0,1,0
1576973,0,2,2,3,0,1,0,0,1,0,1,0,0,0,0,0,0,0,7,6,0,2,2,2,2,0,1,0
155223,0,1,1,2,11,1,0,0,0,0,0,0,0,0,1,1,0,0,0,0,0,1,1,0,2,0,0,0
1068350,1,2,9,3,9,1,0,0,3,0,0,1,0,0,0,0,0,0,4,2,3,2,1,2,2,0,1,0
852895,1,2,9,3,1,1,3,0,2,2,2,0,0,0,0,0,0,0,9,3,4,2,2,3,3,2,2,0
1488327,0,1,1,2,11,1,0,0,0,0,0,0,0,0,0,0,0,0,0,0,0,2,1,0,0,0,0,0
1859915,1,3,10,4,2,2,3,0,3,4,2,0,0,1,0,0,0,0,4,1,0,2,1,3,3,5,2,0
1983209,1,3,10,4,1,3,0,0,0,0,0,0,0,0,0,1,0,1,12,8,0,1,2,0,2,0,0,0
1043811,1,6,13,7,2,1,0,0,0,0,0,0,0,0,1,0,0,0,9,3,2,0,1,0,2,0,0,0
979642,0,6,6,7,1,1,0,0,3,0,1,0,0,1,1,0,1,0,8,2,0,2,0,2,4,0,1,1
87177,1,1,8,2,1,1,0,0,0,0,0,0,0,0,0,0,0,0,0,0,0,2,0,0,0,0,0,0
2108344,0,0,0,1,6,1,0,0,0,0,0,0,0,0,0,0,0,0,0,0,0,1,1,0,0,0,0,0
2063007,1,0,7,1,3,2,0,0,0,0,0,0,0,0,0,0,0,0,0,0,0,2,1,0,0,0,0,0
2088698,0,5,5,6,11,12,0,0,0,0,0,0,0,0,1,0,0,0,0,0,0,2,2,0,2,0,0,0
244729,0,5,5,6,11,1,3,0,5,5,2,0,0,0,0,0,0,0,9,1,0,2,2,3,3,4,2,1
782172,1,1,8,2,3,1,0,0,0,0,0,0,0,0,0,0,0,0,0,0,0,1,1,0,0,0,0,0
606910,1,6,13,7,1,2,0,0,5,0,1,0,0,0,1,0,0,0,4,6,0,2,0,2,2,0,1,0
1623598,1,5,12,6,1,1,4,0,3,3,2,0,0,1,0,0,0,0,9,1,0,2,1,3,3,2,1,0
576334,0,3,3,4,0,1,2,0,3,3,2,0,0,0,0,0,0,0,2,3,0,2,3,3,3,5,2,0
2133296,1,0,7,1,1,1,0,0,0,0,0,0,0,0,0,0,0,0,0,0,0,2,1,0,0,0,0,0
67710,0,0,0,1,1,2,0,0,0,0,0,0,0,0,0,0,0,0,0,0,0,2,1,0,0,0,0,0
1655490,1,0,7,1,1,2,0,0,0,0,0,0,0,0,0,0,0,0,0,0,0,2,1,0,0,0,0,0
1067321,0,2,2,3,1,1,3,0,5,5,2,0,0,1,0,0,0,0,8,1,0,2,1,3,3,1,2,0
1113827,0,6,6,7,1,1,0,0,0,0,0,0,0,0,1,0,0,0,0,0,0,2,1,0,2,0,0,0
528936,1,2,9,3,1,1,0,0,0,0,0,0,0,0,0,1,0,1,0,0,0,2,1,0,2,0,0,0
932806,0,0,0,1,0,1,0,0,0,0,0,0,0,0,0,0,0,0,0,0,0,1,2,0,0,0,0,0
294672,0,0,0,1,0,1,0,0,0,0,0,0,0,0,0,0,0,0,0,0,0,2,1,0,0,0,0,0
1401249,1,5,12,6,3,1,0,0,1,0,1,0,0,0,0,0,0,0,10,2,0,2,1,2,2,0,1,0
199036,0,3,3,4,6,1,0,0,3,0,1,0,0,0,0,0,0,0,8,5,3,1,2,2,2,0,1,0
2323677,1,2,9,3,8,1,5,0,1,1,1,0,0,0,0,0,0,0,9,2,3,1,1,2,2,2,1,0
1706857,1,5,12,6,11,1,0,0,0,0,0,0,0,0,1,1,0,0,0,0,0,1,1,0,2,0,0,0
1589806,1,3,10,4,4,1,3,0,3,3,2,0,0,0,0,0,0,0,4,1,4,2,1,3,3,5,2,0
1733373,1,6,13,7,0,1,0,0,0,0,0,0,0,0,0,0,1,0,0,0,0,1,1,0,2,0,0,0
1393746,0,2,2,3,1,1,4,0,3,5,1,0,0,0,0,0,0,0,9,1,0,2,2,2,2,3,2,0
847943,1,6,13,7,2,3,0,0,0,0,0,0,0,0,1,0,1,0,0,0,2,2,2,0,2,0,0,0
1550039,0,0,0,1,1,2,0,0,0,0,0,0,0,0,0,0,0,0,0,0,0,2,1,0,0,0,0,0
582164,0,3,3,4,2,1,4,0,5,5,2,0,0,0,0,0,0,0,7,2,0,2,2,3,3,4,2,0
195054,0,1,1,2,1,1,5,0,1,1,1,0,0,0,0,0,0,0,7,5,0,2,1,2,2,1,1,0
1707155,1,0,7,1,11,1,0,0,0,0,0,0,0,0,0,0,0,0,0,0,0,2,1,0,0,0,0,0
1721482,0,2,2,3,3,1,4,6,3,3,3,0,0,0,0,0,0,0,9,2,4,2,1,4,4,5,2,0
636027,0,6,6,7,1,1,0,0,1,0,1,1,0,0,1,0,0,0,3,6,0,2,1,2,2,0,1,2
2062306,0,2,2,3,1,3,4,0,3,3,2,0,0,0,0,0,0,0,5,5,0,2,1,3,3,4,2,0
1726992,1,0,7,1,1,2,0,0,0,0,0,0,0,0,0,0,0,0,0,0,0,2,0,0,0,0,0,0
194490,0,6,6,7,1,2,0,0,0,0,0,0,0,1,1,0,0,0,7,6,0,2,0,0,3,0,0,2
121022,0,3,3,4,0,1,2,0,3,5,3,0,0,0,0,0,0,0,6,2,0,2,1,4,4,4,1,0
788641,0,1,1,2,11,1,0,0,0,0,0,0,0,0,0,0,0,0,0,0,0,2,2,0,0,0,0,0
2283201,1,1,8,2,1,2,0,0,1,0,1,0,0,0,0,0,0,0,8,2,0,2,0,2,2,0,1,0
161891,0,5,5,6,1,2,0,0,0,0,0,0,0,0,0,0,1,0,0,0,0,2,1,0,3,0,0,1
2379085,1,5,12,6,8,1,0,0,0,0,0,0,0,0,0,0,0,0,0,0,5,2,1,0,0,0,0,0
1958424,0,3,3,4,3,1,0,0,3,0,1,0,0,0,0,0,0,0,3,5,0,2,1,2,2,0,1,0
1105594,1,4,11,5,1,1,2,0,3,4,2,0,0,0,0,0,0,0,9,1,0,2,1,3,3,4,1,0
916748,1,6,13,7,1,2,0,0,0,0,0,0,0,0,1,0,0,0,0,0,0,2,1,0,2,0,0,0
685929,0,3,3,4,1,1,3,0,3,3,1,0,0,1,0,0,0,0,9,1,0,2,2,2,2,4,2,0
2147942,0,5,5,6,1,2,2,0,3,3,3,1,0,1,0,0,1,0,4,1,0,2,2,4,4,6,2,2
409692,0,4,4,5,0,1,1,0,3,4,3,0,0,0,0,0,0,0,3,1,6,2,2,4,4,5,2,0
1881005,0,1,1,2,1,1,0,0,0,0,0,0,0,0,0,0,0,0,7,6,0,2,1,0,0,0,0,0
1327233,1,6,13,7,1,1,4,0,2,2,3,0,0,1,0,0,0,0,9,1,2,2,1,4,4,4,2,0
1436512,0,5,5,6,2,1,2,0,3,3,0,1,0,1,0,0,0,0,9,1,0,2,1,5,5,2,1,0
185555,0,0,0,1,0,1,0,0,0,0,0,0,0,0,0,0,0,0,0,0,0,1,1,0,0,0,0,0
455392,0,0,0,1,1,2,0,0,0,0,0,0,0,0,0,0,0,0,0,0,0,2,2,0,0,0,0,0
2097950,0,6,6,7,1,1,0,0,0,0,0,0,0,1,1,0,0,0,5,6,0,2,1,0,2,0,0,1
1219978,1,4,11,5,1,1,0,0,3,0,1,0,0,0,0,0,0,0,9,1,0,2,2,2,2,0,1,0
138143,0,6,6,7,1,1,0,0,0,0,0,0,0,1,1,0,0,0,0,0,0,2,2,0,2,0,0,1
602945,1,4,11,5,1,1,3,0,3,3,3,0,0,1,0,0,0,0,9,1,0,2,1,4,4,5,1,0
2033442,0,2,2,3,1,2,5,0,3,3,2,0,0,0,0,0,0,0,4,6,0,2,2,3,3,4,2,0
2163589,1,5,12,6,1,2,0,0,0,0,0,0,0,0,0,0,0,0,0,0,0,2,2,0,0,0,0,0
49127,1,0,7,1,6,1,0,0,0,0,0,0,0,0,0,0,0,0,0,0,2,2,1,0,0,0,0,0
2278850,0,1,1,2,1,1,0,0,0,0,0,0,0,0,0,0,0,0,0,0,5,2,1,0,0,0,0,0
1146615,1,3,10,4,1,2,4,0,3,3,1,0,0,1,0,0,0,0,7,1,0,2,2,2,2,4,2,0
1144565,0,3,3,4,1,2,0,0,3,0,3,0,0,0,0,0,0,0,7,3,0,0,1,4,4,0,2,0
990461,1,1,8,2,1,1,0,0,0,0,0,0,0,0,0,0,0,0,0,0,0,2,2,0,0,0,0,0
615131,0,4,4,5,3,1,1,0,3,5,2,0,0,0,0,0,0,0,4,5,4,2,1,3,3,5,2,0
800506,0,0,0,1,11,1,0,0,0,0,0,0,0,0,0,0,0,0,0,0,0,2,1,0,0,0,0,0
1975166,1,2,9,3,3,1,0,0,0,0,0,0,0,0,0,0,0,0,0,0,4,1,2,0,0,0,0,0
557278,0,5,5,6,1,1,3,0,3,4,3,0,0,1,0,0,0,0,3,1,0,2,1,4,4,3,2,2
731019,0,6,6,7,1,1,0,0,0,0,0,0,0,0,1,0,1,0,0,0,0,2,3,0,3,0,0,2
723070,0,5,5,6,1,1,0,0,3,5,0,1,0,1,0,0,0,0,8,5,0,2,1,2,3,0,2,1
253755,1,2,9,3,3,1,0,0,3,0,1,0,0,0,0,0,0,1,8,3,0,2,1,2,2,0,1,0
911648,1,6,13,7,11,1,4,0,2,2,3,0,0,1,0,0,0,0,8,1,0,2,2,4,4,3,2,0
914694,1,6,13,7,11,1,0,0,0,0,0,0,0,0,0,1,0,0,0,0,0,2,1,0,3,0,0,0
491443,1,4,11,5,1,1,3,0,2,2,2,0,0,0,0,0,0,0,8,2,0,2,1,3,3,4,2,0
182320,0,1,1,2,0,1,0,0,0,0,0,0,0,0,0,0,0,0,0,0,0,2,1,0,0,0,0,0
942955,1,5,12,6,11,1,3,0,3,3,3,0,0,0,0,0,0,0,10,2,0,2,1,4,4,5,2,0
285312,0,5,5,6,1,1,4,0,5,3,2,0,0,1,0,0,0,0,7,2,0,2,1,3,4,3,2,1
1303777,0,2,2,3,11,1,1,0,3,3,2,0,0,0,0,0,0,0,3,6,0,2,0,3,3,6,2,0
1012557,0,2,2,3,1,1,3,0,5,5,0,1,0,0,0,0,0,0,3,5,0,2,2,3,3,1,2,0
1922729,0,0,0,1,1,1,0,0,0,0,0,0,0,0,0,0,0,0,0,0,0,2,1,0,0,0,0,0
1214376,1,5,12,6,2,1,0,0,0,0,0,0,0,0,0,0,0,0,0,0,2,2,2,0,0,0,0,0
2110310,1,6,13,7,0,1,0,0,0,0,0,0,0,1,1,0,1,0,0,0,0,2,2,0,3,0,0,0
1196528,0,2,2,3,1,1,3,0,3,3,1,0,0,0,0,0,0,1,4,6,0,2,0,2,3,1,2,0
1202497,1,2,9,3,1,1,4,0,3,3,2,0,0,0,0,0,0,0,9,1,0,2,2,3,3,3,1,0
1927123,1,4,11,5,0,1,2,0,3,4,2,0,0,0,0,0,0,0,4,6,0,2,0,3,3,2,2,0
12294,1,6,13,7,1,1,0,0,0,0,0,0,0,1,0,0,1,0,0,0,0,0,1,0,4,0,0,0
2054760,0,5,5,6,11,1,0,0,3,0,2,0,0,0,0,0,0,1,10,3,0,2,2,3,3,0,1,1
1658523,1,0,7,1,1,2,0,0,0,0,0,0,0,0,0,0,0,0,0,0,0,2,3,0,0,0,0,0
2131760,0,0,0,1,11,3,0,0,0,0,0,0,0,0,0,0,0,0,0,0,0,1,0,0,0,0,0,0
2079636,1,3,10,4,1,2,3,0,3,2,2,0,0,0,0,0,0,0,9,2,0,2,2,3,3,3,2,0
729950,0,6,6,7,1,1,0,0,0,0,0,0,0,1,1,0,1,1,0,0,0,2,1,0,4,0,0,0
274681,0,0,0,1,3,1,0,0,0,0,0,0,0,0,0,0,0,0,0,0,0,1,2,0,0,0,0,0
1957326,1,4,11,5,1,1,0,0,0,0,0,0,0,0,0,0,0,0,0,0,0,2,0,0,0,0,0,0
178925,0,5,5,6,1,1,3,0,3,3,2,0,0,0,0,0,0,0,9,1,0,2,0,3,3,5,2,1
76291,0,0,0,1,11,1,0,0,0,0,0,0,0,0,0,0,0,0,0,0,0,2,2,0,0,0,0,0
2246105,0,0,0,1,1,2,0,0,0,0,0,0,0,0,0,0,0,0,0,0,0,2,0,0,0,0,0,0
2320025,0,6,6,7,0,1,0,0,3,4,2,0,0,1,1,0,0,0,4,5,4,2,3,3,3,0,1,0
1423625,1,6,13,7,1,1,0,0,0,0,0,0,0,1,1,0,0,0,0,0,0,2,2,0,2,0,0,0
2407667,0,4,4,5,11,2,2,0,3,3,2,0,0,0,0,0,0,0,8,3,0,2,1,3,3,4,2,1
500294,0,6,6,7,11,1,0,0,0,0,0,0,0,1,1,0,1,0,0,0,0,2,1,0,4,0,0,0
395515,1,6,13,7,1,2,0,0,0,0,0,0,0,1,0,0,1,0,0,0,0,2,1,0,2,0,0,0
427720,1,5,12,6,1,1,0,0,0,0,0,0,0,0,0,0,0,0,9,3,0,2,3,0,0,0,0,0
468202,0,2,2,3,0,1,5,2,3,1,1,0,0,0,0,0,0,0,4,6,4,2,2,2,2,5,1,0
1343392,1,3,10,4,1,12,4,0,3,3,1,0,0,0,0,0,0,0,1,4,0,2,2,2,2,2,2,0
601212,0,5,5,6,11,1,0,0,0,0,0,0,0,0,0,1,0,0,0,0,0,1,1,0,2,0,0,1
248246,1,0,7,1,11,1,0,0,0,0,0,0,0,0,0,0,0,0,0,0,0,2,1,0,0,0,0,0
179842,1,2,9,3,1,2,3,0,3,3,2,0,0,0,0,0,0,0,9,1,0,2,1,3,3,5,1,0
911951,0,1,1,2,3,1,0,0,1,0,1,0,0,0,0,0,0,0,8,5,4,1,1,2,2,0,1,0
1949228,1,5,12,6,1,1,1,0,5,5,0,1,0,0,0,0,0,0,1,2,0,2,2,3,3,1,2,0
475039,0,3,3,4,2,2,4,0,4,4,3,0,0,0,0,0,0,0,4,2,0,2,0,4,4,5,2,0
2024416,1,5,12,6,1,2,4,0,1,1,1,0,0,0,0,0,0,0,7,2,0,2,2,2,2,2,2,0
